Date,Open,High,Low,Close,Volume,Adj Close
2014-03-24,1184.19,1184.90,1145.95,1157.93,3037100,1157.93
2014-03-21,1206.31,1209.63,1182.45,1183.04,3208500,1183.04
2014-03-20,1199.95,1209.61,1195.36,1197.16,1684700,1197.16
2014-03-19,1211.80,1211.99,1194.41,1199.25,1609400,1199.25
2014-03-18,1194.67,1211.53,1193.06,1211.26,1815000,1211.26
2014-03-17,1179.25,1197.07,1178.11,1192.10,2162100,1192.10
2014-03-14,1181.99,1190.87,1172.53,1172.80,2293900,1172.80
2014-03-13,1207.95,1210.50,1184.76,1189.06,2339700,1189.06
2014-03-12,1196.40,1207.85,1184.19,1207.30,1964300,1207.30
2014-03-11,1213.77,1214.32,1196.64,1199.99,1713000,1199.99
2014-03-10,1215.69,1217.64,1204.09,1211.57,1214600,1211.57
2014-03-07,1226.80,1226.99,1211.44,1214.79,1515100,1214.79
2014-03-06,1222.28,1226.15,1218.60,1219.61,1268100,1219.61
2014-03-05,1215.05,1223.08,1211.41,1218.26,1235300,1218.26
2014-03-04,1215.00,1216.00,1209.50,1214.91,1467700,1214.91
2014-03-03,1206.75,1207.84,1192.14,1202.69,2104800,1202.69
2014-02-28,1220.34,1224.19,1206.22,1215.65,2313600,1215.65
2014-02-27,1218.39,1224.23,1217.01,1219.21,1260000,1219.21
2014-02-26,1224.00,1228.88,1213.76,1220.17,1982200,1220.17
2014-02-25,1215.94,1224.50,1210.42,1220.00,1438700,1220.00
2014-02-24,1205.36,1220.16,1205.10,1212.51,1674300,1212.51
2014-02-21,1207.81,1209.87,1202.84,1203.79,1862300,1203.79
2014-02-20,1203.14,1206.89,1200.22,1204.11,1700800,1204.11
2014-02-19,1205.30,1209.22,1197.50,1202.34,2103600,1202.34
2014-02-18,1201.41,1212.87,1200.00,1210.88,2108900,1210.88
2014-02-14,1195.61,1204.39,1192.80,1202.80,2186700,1202.80
2014-02-13,1180.75,1199.90,1179.66,1199.90,1836400,1199.90
2014-02-12,1189.00,1190.00,1181.38,1186.69,1724500,1186.69
2014-02-11,1180.17,1191.87,1172.21,1190.18,2050800,1190.18
2014-02-10,1171.80,1182.40,1169.02,1172.93,1945200,1172.93
2014-02-07,1167.63,1177.90,1160.56,1177.44,2636200,1177.44
2014-02-06,1151.13,1160.16,1147.55,1159.96,1946600,1159.96
2014-02-05,1143.38,1150.77,1128.02,1143.20,2394500,1143.20
2014-02-04,1137.99,1155.00,1137.01,1138.16,2811900,1138.16
2014-02-03,1179.20,1181.72,1132.01,1133.43,4569100,1133.43
2014-01-31,1171.35,1186.54,1151.13,1180.97,5566300,1180.97
2014-01-30,1145.00,1152.49,1127.25,1135.39,5091400,1135.39
2014-01-29,1119.12,1121.75,1099.42,1106.92,2379900,1106.92
2014-01-28,1110.32,1125.75,1109.94,1123.01,2210200,1123.01
2014-01-27,1126.10,1126.50,1082.27,1101.23,4353600,1101.23
2014-01-24,1151.01,1153.55,1123.00,1123.83,3892500,1123.83
2014-01-23,1160.00,1162.49,1154.37,1160.10,1949100,1160.10
2014-01-22,1166.61,1167.89,1158.86,1165.02,1571400,1165.02
2014-01-21,1160.93,1164.00,1151.30,1163.70,1979900,1163.70
2014-01-17,1156.85,1160.63,1144.20,1150.53,2701300,1150.53
2014-01-16,1149.10,1157.93,1148.00,1156.22,1683900,1156.22
2014-01-15,1152.99,1155.00,1143.79,1148.62,1950200,1148.62
2014-01-14,1137.95,1151.00,1128.09,1149.40,2482600,1149.40
2014-01-13,1126.47,1146.91,1117.17,1122.98,2418900,1122.98
2014-01-10,1139.08,1139.08,1122.25,1130.18,2143500,1130.18
2014-01-09,1143.44,1144.22,1125.56,1130.24,2084500,1130.24
2014-01-08,1146.00,1147.32,1133.29,1141.23,2242500,1141.23
2014-01-07,1125.00,1139.69,1121.16,1138.86,2552600,1138.86
2014-01-06,1113.01,1118.86,1106.44,1117.32,1769300,1117.32
2014-01-03,1115.00,1116.93,1104.93,1105.00,1666700,1105.00
2014-01-02,1115.46,1117.75,1108.26,1113.12,1821400,1113.12
2013-12-31,1112.24,1121.00,1106.26,1120.71,1357900,1120.71
2013-12-30,1120.34,1120.50,1109.02,1109.46,1236100,1109.46
2013-12-27,1120.00,1120.28,1112.94,1118.40,1569700,1118.40
2013-12-26,1114.01,1119.00,1108.69,1117.46,1337800,1117.46
2013-12-24,1114.97,1115.24,1108.10,1111.84,734200,1111.84
2013-12-23,1107.84,1115.80,1105.12,1115.10,1721600,1115.10
2013-12-20,1088.30,1101.17,1088.00,1100.62,3261600,1100.62
2013-12-19,1080.77,1091.99,1079.08,1086.22,1665700,1086.22
2013-12-18,1071.85,1084.95,1059.04,1084.75,2210300,1084.75
2013-12-17,1072.82,1080.76,1068.38,1069.86,1535700,1069.86
2013-12-16,1064.00,1074.69,1062.01,1072.98,1602000,1072.98
2013-12-13,1075.40,1076.29,1057.89,1060.79,2162400,1060.79
2013-12-12,1079.57,1082.94,1069.00,1069.96,1596500,1069.96
2013-12-11,1087.40,1091.32,1075.17,1077.29,1711800,1077.29
2013-12-10,1076.15,1092.31,1075.65,1084.66,1853900,1084.66
2013-12-09,1070.99,1082.31,1068.02,1078.14,1482600,1078.14
2013-12-06,1069.79,1070.00,1060.08,1069.87,1428800,1069.87
2013-12-05,1057.20,1059.66,1051.09,1057.34,1133700,1057.34
2013-12-04,1051.37,1063.98,1050.00,1058.18,1191600,1058.18
2013-12-03,1050.95,1063.44,1049.02,1053.26,1676100,1053.26
2013-12-02,1063.51,1066.35,1050.76,1054.48,1373200,1054.48
2013-11-29,1062.16,1066.62,1059.45,1059.59,1192800,1059.59
2013-11-27,1062.03,1068.00,1060.00,1063.11,1123600,1063.11
2013-11-26,1048.60,1061.50,1042.94,1058.41,2286300,1058.41
2013-11-25,1037.16,1053.19,1035.02,1045.93,1613000,1045.93
2013-11-22,1033.42,1036.17,1029.22,1031.89,1254200,1031.89
2013-11-21,1027.00,1038.31,1026.00,1034.07,1091800,1034.07
2013-11-20,1029.95,1033.36,1020.36,1022.31,963700,1022.31
2013-11-19,1031.72,1034.75,1023.05,1025.20,1131600,1025.20
2013-11-18,1035.75,1048.74,1029.24,1031.55,1759700,1031.55
2013-11-15,1034.87,1038.00,1030.31,1033.56,1276300,1033.56
2013-11-14,1033.92,1039.75,1030.35,1035.23,1166700,1035.23
2013-11-13,1006.75,1032.85,1006.50,1032.47,1579400,1032.47
2013-11-12,1007.70,1017.56,1005.00,1011.78,1218100,1011.78
2013-11-11,1009.51,1015.93,1008.00,1010.59,1112600,1010.59
2013-11-08,1008.75,1018.50,1008.50,1016.03,1290800,1016.03
2013-11-07,1022.61,1023.93,1007.64,1007.95,1679600,1007.95
2013-11-06,1025.60,1027.00,1015.37,1022.75,912900,1022.75
2013-11-05,1020.35,1031.65,1017.42,1021.52,1181400,1021.52
2013-11-04,1031.50,1032.37,1022.03,1026.11,1138800,1026.11
2013-11-01,1031.79,1036.00,1025.10,1027.04,1283300,1027.04
2013-10-31,1028.93,1041.52,1023.97,1030.58,1640000,1030.58
2013-10-30,1037.43,1037.51,1026.00,1030.42,1324100,1030.42
2013-10-29,1019.10,1036.94,1013.50,1036.24,1605000,1036.24
2013-10-28,1015.20,1023.43,1012.99,1015.00,1158700,1015.00
2013-10-25,1028.82,1028.82,1010.74,1015.20,2030500,1015.20
2013-10-24,1031.87,1040.57,1024.80,1025.55,2092100,1025.55
2013-10-23,1001.00,1034.75,1000.63,1031.41,2663200,1031.41
2013-10-22,1005.00,1013.00,995.79,1007.00,2208600,1007.00
2013-10-21,1011.46,1019.00,999.55,1003.30,3628300,1003.30
2013-10-18,976.58,1015.46,974.00,1011.41,11566400,1011.41
2013-10-17,892.99,896.90,885.73,888.79,4256600,888.79
2013-10-16,885.87,898.33,884.01,898.03,2007600,898.03
2013-10-15,875.76,885.63,874.00,882.01,1591900,882.01
2013-10-14,866.66,876.25,865.39,876.11,1243600,876.11
2013-10-11,866.03,873.48,865.30,871.99,1408900,871.99
2013-10-10,863.84,868.83,860.21,868.24,2255300,868.24
2013-10-09,856.28,862.65,842.98,855.86,2651300,855.86
2013-10-08,865.32,865.98,851.63,853.67,1943700,853.67
2013-10-07,867.45,873.99,864.11,865.74,1293600,865.74
2013-10-04,875.00,877.51,870.00,872.35,1358000,872.35
2013-10-03,888.00,894.10,872.10,876.09,2117000,876.09
2013-10-02,882.73,889.36,877.82,887.99,1495300,887.99
2013-10-01,880.25,887.67,880.05,887.00,1684800,887.00
2013-09-30,869.08,880.84,868.31,875.91,1722400,875.91
2013-09-27,874.82,877.52,871.31,876.39,1258800,876.39
2013-09-26,878.30,882.75,875.00,878.17,1259900,878.17
2013-09-25,886.55,886.55,875.60,877.23,1649000,877.23
2013-09-24,886.50,890.10,881.40,886.84,1486800,886.84
2013-09-23,896.15,901.59,885.20,886.50,1777400,886.50
2013-09-20,898.39,904.13,895.62,903.11,4345300,903.11
2013-09-19,905.99,905.99,895.40,898.39,1597900,898.39
2013-09-18,886.35,903.97,883.07,903.32,1934700,903.32
2013-09-17,887.41,888.39,881.00,886.11,1259400,886.11
2013-09-16,896.20,897.00,884.87,887.76,1336500,887.76
2013-09-13,894.50,895.68,884.84,889.07,1325400,889.07
2013-09-12,897.40,897.90,890.01,893.06,1095500,893.06
2013-09-11,888.54,896.97,886.08,896.19,1610600,896.19
2013-09-10,890.02,892.00,884.00,888.67,1287600,888.67
2013-09-09,883.73,889.75,882.42,888.05,1234600,888.05
2013-09-06,882.44,883.78,873.74,879.58,1561600,879.58
2013-09-05,873.50,879.88,871.61,879.56,1291300,879.56
2013-09-04,860.35,873.50,855.17,871.63,2041200,871.63
2013-09-03,854.36,866.19,853.95,860.38,2047600,860.38
2013-08-30,855.76,858.04,845.56,846.90,1861600,846.90
2013-08-29,849.07,860.38,848.59,855.43,1478500,855.43
2013-08-28,850.25,855.41,847.77,848.55,1329900,848.55
2013-08-27,859.62,863.73,847.90,850.15,1734100,850.15
2013-08-26,870.00,874.90,866.05,866.39,1052500,866.39
2013-08-23,877.83,878.00,869.75,870.21,1077100,870.21
2013-08-22,872.70,874.75,870.25,873.71,869900,873.71
2013-08-21,870.65,876.91,866.50,869.33,1757300,869.33
2013-08-20,868.35,872.11,863.54,865.42,1233000,865.42
2013-08-19,857.71,872.00,857.45,865.65,1810900,865.65
2013-08-16,861.28,862.44,856.54,856.91,1675100,856.91
2013-08-15,864.44,864.92,858.00,859.66,1869200,859.66
2013-08-14,878.37,880.23,867.16,869.81,2082200,869.81
2013-08-13,886.83,888.50,876.20,881.25,1419800,881.25
2013-08-12,886.90,887.00,881.65,885.51,1377000,885.51
2013-08-09,890.56,895.52,890.00,890.41,1323700,890.41
2013-08-08,895.49,895.84,885.29,892.66,1488000,892.66
2013-08-07,895.04,898.45,889.09,890.65,1379200,890.65
2013-08-06,904.69,909.71,895.73,896.57,1506100,896.57
2013-08-05,905.39,905.52,899.20,905.00,1309700,905.00
2013-08-02,903.44,907.00,900.82,906.57,1713900,906.57
2013-08-01,895.00,904.55,895.00,904.22,2138400,904.22
2013-07-31,892.99,896.51,886.18,887.75,2173500,887.75
2013-07-30,885.46,895.61,880.87,890.92,1755600,890.92
2013-07-29,884.90,894.82,880.89,882.27,1891900,882.27
2013-07-26,886.99,889.99,882.00,885.35,1777700,885.35
2013-07-25,893.87,896.85,886.08,887.70,3001100,887.70
2013-07-24,907.26,910.30,900.70,902.90,2078500,902.90
2013-07-23,910.70,913.00,899.57,903.80,2045700,903.80
2013-07-22,902.00,912.67,897.00,910.70,2903200,910.70
2013-07-19,886.61,902.95,875.61,896.60,7359300,896.60
2013-07-18,918.99,920.00,903.19,910.68,3634500,910.68
2013-07-17,921.00,926.86,916.30,918.55,1506100,918.55
2013-07-16,927.13,927.97,913.90,919.61,1983000,919.61
2013-07-15,924.30,928.00,916.36,924.69,1960500,924.69
2013-07-12,920.00,923.00,915.24,923.00,2568200,923.00
2013-07-11,913.00,920.81,908.52,920.24,2584200,920.24
2013-07-10,903.45,911.14,900.38,905.99,1708400,905.99
2013-07-09,911.00,912.95,897.98,905.24,1979400,905.24
2013-07-08,899.21,906.27,897.08,905.09,1969500,905.09
2013-07-05,890.01,895.41,887.34,893.49,1701900,893.49
2013-07-03,879.90,889.17,878.50,886.43,1047000,886.43
2013-07-02,890.20,891.00,877.27,882.31,1891500,882.31
2013-07-01,886.45,892.08,885.00,887.88,1724800,887.88
2013-06-28,874.90,881.84,874.19,880.37,2349300,880.37
2013-06-27,878.80,884.69,876.65,877.07,1926500,877.07
2013-06-26,873.75,878.00,870.57,873.65,1831400,873.65
2013-06-25,877.26,879.68,864.51,866.20,2553200,866.20
2013-06-24,871.88,876.32,863.25,869.79,3016900,869.79
2013-06-21,888.34,889.88,873.07,880.93,3982300,880.93
2013-06-20,893.99,901.00,883.31,884.74,3372000,884.74
2013-06-19,901.37,910.84,897.50,900.68,2915900,900.68
2013-06-18,888.65,901.00,888.35,900.62,2166900,900.62
2013-06-17,879.23,889.43,878.28,886.25,2146300,886.25
2013-06-14,880.10,884.70,874.13,875.04,2245000,875.04
2013-06-13,868.98,879.66,865.50,877.00,2069900,877.00
2013-06-12,885.46,886.00,869.65,871.98,2204800,871.98
2013-06-11,883.97,887.00,879.52,879.81,1757600,879.81
2013-06-10,882.10,891.00,880.09,890.22,2337800,890.22
2013-06-07,870.42,880.00,865.32,879.73,2674600,879.73
2013-06-06,864.30,866.33,847.22,864.64,2579100,864.64
2013-06-05,862.51,869.45,857.13,859.70,2106800,859.70
2013-06-04,867.85,870.59,854.07,859.10,1868600,859.10
2013-06-03,873.00,873.97,855.02,867.63,2475700,867.63
2013-05-31,868.12,877.00,867.52,871.22,1969400,871.22
2013-05-30,869.92,878.90,866.41,870.76,2120700,870.76
2013-05-29,875.71,877.99,864.29,868.31,2013400,868.31
2013-05-28,883.50,892.14,880.40,881.27,2257500,881.27
2013-05-24,875.26,878.82,871.01,873.32,2296800,873.32
2013-05-23,877.00,889.96,874.00,882.79,2275100,882.79
2013-05-22,902.56,909.31,886.88,889.42,2560600,889.42
2013-05-21,908.02,911.66,897.61,906.97,1983000,906.97
2013-05-20,905.00,920.60,905.00,908.53,2272700,908.53
2013-05-17,910.02,913.49,900.52,909.18,2792000,909.18
2013-05-16,919.00,919.98,902.01,903.87,3209600,903.87
2013-05-15,895.50,916.38,894.02,915.89,3985900,915.89
2013-05-14,877.50,888.69,877.14,887.10,1579300,887.10
2013-05-13,878.89,882.47,873.38,877.53,1448500,877.53
2013-05-10,875.31,880.54,872.16,880.23,1897700,880.23
2013-05-09,870.84,879.66,868.23,871.48,2200600,871.48
2013-05-08,857.00,873.88,852.91,873.63,2468300,873.63
2013-05-07,863.01,863.87,850.67,857.23,1959000,857.23
2013-05-06,848.26,861.85,848.26,861.55,2141300,861.55
2013-05-03,836.96,846.80,836.00,845.72,2512600,845.72
2013-05-02,820.10,834.55,819.05,829.61,2018300,829.61
2013-05-01,823.26,824.72,816.36,820.43,1455000,820.43
2013-04-30,819.00,827.64,817.68,824.57,2306700,824.57
2013-04-29,803.25,822.70,803.00,819.06,2300800,819.06
2013-04-26,807.60,807.74,796.58,801.42,2487700,801.42
2013-04-25,816.25,816.47,807.63,809.10,1992200,809.10
2013-04-24,808.11,818.00,808.00,813.45,1829100,813.45
2013-04-23,801.00,815.50,800.36,807.90,2292300,807.90
2013-04-22,800.60,803.96,775.00,800.11,2883400,800.11
2013-04-19,769.16,803.44,766.26,799.87,5803200,799.87
2013-04-18,785.35,785.80,761.26,765.91,3322500,765.91
2013-04-17,786.75,790.84,778.10,782.56,2037000,782.56
2013-04-16,786.59,796.00,783.92,793.37,1742000,793.37
2013-04-15,785.95,797.00,777.02,781.93,2453100,781.93
2013-04-12,791.99,792.10,782.93,790.05,1636700,790.05
2013-04-11,792.88,793.10,784.06,790.39,2028700,790.39
2013-04-10,782.92,792.35,776.00,790.18,1978600,790.18
2013-04-09,775.50,783.75,773.11,777.65,2157300,777.65
2013-04-08,778.75,779.55,768.40,774.85,2832100,774.85
2013-04-05,786.06,786.99,776.40,783.05,3433900,783.05
2013-04-04,804.25,805.75,791.30,795.07,2447600,795.07
2013-04-03,813.46,814.20,800.67,806.20,1738500,806.20
2013-04-02,804.54,814.83,804.00,813.04,2041500,813.04
2013-04-01,795.01,802.25,793.25,801.19,1807300,801.19
2013-03-28,803.99,805.37,793.30,794.19,2287800,794.19
2013-03-27,806.68,807.00,801.33,802.66,2163200,802.66
2013-03-26,813.50,814.00,807.79,812.42,1191900,812.42
2013-03-25,812.41,819.23,806.82,809.64,1712000,809.64
2013-03-22,814.74,815.24,809.64,810.31,1488200,810.31
2013-03-21,811.29,816.92,809.85,811.26,1477600,811.26
2013-03-20,816.83,817.51,811.44,814.71,1463800,814.71
2013-03-19,811.24,819.25,806.45,811.32,2098200,811.32
2013-03-18,805.00,812.76,801.47,807.79,1838300,807.79
2013-03-15,818.50,820.30,813.34,814.30,3099700,814.30
2013-03-14,826.99,826.99,817.39,821.54,1651200,821.54
2013-03-13,827.90,830.69,822.31,825.31,1641300,825.31
2013-03-12,830.71,831.89,823.67,827.61,2008300,827.61
2013-03-11,831.69,839.70,831.50,834.82,1594700,834.82
2013-03-08,834.50,834.92,825.05,831.52,2911900,831.52
2013-03-07,834.06,836.62,829.58,832.60,2052700,832.60
2013-03-06,841.03,844.00,828.81,831.38,2873000,831.38
2013-03-05,828.93,840.15,828.90,838.60,4044100,838.60
2013-03-04,805.30,822.84,805.00,821.50,2775600,821.50
2013-03-01,797.80,807.14,796.15,806.19,2175400,806.19
2013-02-28,801.10,806.99,801.03,801.20,2265800,801.20
2013-02-27,794.80,804.75,791.11,799.78,2026100,799.78
2013-02-26,795.00,795.95,784.40,790.13,2202500,790.13
2013-02-25,802.30,808.41,790.49,790.77,2303900,790.77
2013-02-22,799.26,801.25,793.80,799.71,2053900,799.71
2013-02-21,798.00,805.45,791.22,795.53,3506400,795.53
2013-02-20,805.30,808.97,791.79,792.46,2764200,792.46
2013-02-19,795.99,807.00,795.28,806.85,2931800,806.85
2013-02-15,787.40,793.26,787.07,792.89,2729800,792.89
2013-02-14,779.73,788.74,777.77,787.82,1735300,787.82
2013-02-13,780.13,785.35,779.97,782.86,1198200,782.86
2013-02-12,781.75,787.90,779.37,780.70,1859000,780.70
2013-02-11,778.40,783.00,773.75,782.42,2167700,782.42
2013-02-08,780.13,786.67,779.56,785.37,3020100,785.37
2013-02-07,769.70,778.81,765.50,773.95,2840200,773.95
2013-02-06,759.07,772.96,758.50,770.17,2078100,770.17
2013-02-05,761.13,771.11,759.47,765.74,1870700,765.74
2013-02-04,767.69,770.47,758.27,759.02,3040500,759.02
2013-02-01,758.20,776.60,758.10,775.60,3746100,775.60
2013-01-31,750.51,757.62,750.25,755.69,1634200,755.69
2013-01-30,753.74,760.95,752.91,753.83,1733000,753.83
2013-01-29,746.75,756.95,746.54,753.68,1747100,753.68
2013-01-28,751.76,755.60,747.89,750.73,1627100,750.73
2013-01-25,750.77,758.48,750.25,753.67,2225900,753.67
2013-01-24,741.24,756.83,740.51,754.21,3382700,754.21
2013-01-23,735.99,749.00,735.79,741.50,5909100,741.50
2013-01-22,704.66,705.34,695.52,702.87,3792400,702.87
2013-01-18,710.36,712.77,701.33,704.51,3226800,704.51
2013-01-17,717.71,719.64,711.02,711.32,2211500,711.32
2013-01-16,722.40,724.34,713.67,715.19,2023400,715.19
2013-01-15,719.33,735.00,712.10,724.93,3927700,724.93
2013-01-14,737.00,742.20,722.35,723.25,2863900,723.25
2013-01-11,742.00,742.43,736.30,739.99,1285200,739.99
2013-01-10,742.83,745.00,733.50,741.48,1835700,741.48
2013-01-09,732.27,738.35,728.60,738.12,2024700,738.12
2013-01-08,735.54,736.30,724.43,733.30,1676100,733.30
2013-01-07,735.45,739.38,730.58,734.75,1655700,734.75
2013-01-04,729.34,741.47,727.68,737.97,2763500,737.97
2013-01-03,724.93,731.93,720.72,723.67,2318200,723.67
2013-01-02,719.42,727.00,716.55,723.25,2541300,723.25
2012-12-31,700.00,710.57,696.00,707.38,1997400,707.38
2012-12-28,701.69,706.91,700.01,700.01,1402000,700.01
2012-12-27,707.14,708.84,698.61,706.29,1647400,706.29
2012-12-26,708.07,712.88,702.41,708.87,1182400,708.87
2012-12-24,714.51,715.18,707.47,709.50,840900,709.50
2012-12-21,713.97,718.82,710.52,715.63,3526000,715.63
2012-12-20,723.26,724.65,716.97,722.36,1657000,722.36
2012-12-19,720.71,723.00,716.68,720.11,1918600,720.11
2012-12-18,716.60,729.10,715.05,721.07,3004900,721.07
2012-12-17,705.50,721.92,704.02,720.78,3035400,720.78
2012-12-14,699.17,707.82,698.43,701.96,2130100,701.96
2012-12-13,715.92,716.47,699.55,702.70,3444900,702.70
2012-12-12,699.23,703.51,693.48,697.56,2426000,697.56
2012-12-11,690.00,701.92,687.72,696.88,2687600,696.88
2012-12-10,685.39,691.65,683.79,685.42,1366700,685.42
2012-12-07,695.00,696.88,682.42,684.21,1919300,684.21
2012-12-06,687.59,695.61,684.51,691.13,1462300,691.13
2012-12-05,692.15,694.50,682.33,687.82,1862400,687.82
2012-12-04,695.00,695.51,685.70,691.03,1991700,691.03
2012-12-03,702.24,705.89,694.11,695.25,2192500,695.25
2012-11-30,691.31,699.22,685.69,698.37,3163600,698.37
2012-11-29,687.78,693.90,682.00,691.89,2776500,691.89
2012-11-28,668.01,684.91,663.89,683.67,3042000,683.67
2012-11-27,660.17,675.00,658.00,670.71,2508700,670.71
2012-11-26,666.44,667.00,659.02,661.15,2204600,661.15
2012-11-23,669.97,670.00,666.10,667.97,922500,667.97
2012-11-21,668.99,669.80,660.40,665.87,2112200,665.87
2012-11-20,669.51,678.00,664.57,669.97,2088700,669.97
2012-11-19,655.70,668.92,655.53,668.21,2368200,668.21
2012-11-16,645.99,653.02,636.00,647.18,3438200,647.18
2012-11-15,650.00,660.00,643.90,647.26,1848900,647.26
2012-11-14,660.66,662.18,650.50,652.55,1668400,652.55
2012-11-13,663.00,667.60,658.23,659.05,1594200,659.05
2012-11-12,663.75,669.80,660.87,665.90,1405900,665.90
2012-11-09,654.65,668.34,650.30,663.03,3114100,663.03
2012-11-08,670.20,671.49,651.23,652.29,2597000,652.29
2012-11-07,675.00,678.23,666.49,667.12,2232300,667.12
2012-11-06,685.48,686.50,677.55,681.72,1582800,681.72
2012-11-05,684.50,686.86,675.56,682.96,1635900,682.96
2012-11-02,694.79,695.55,687.37,687.92,2324400,687.92
2012-11-01,679.50,690.90,678.72,687.59,2050100,687.59
2012-10-31,679.86,681.00,675.00,680.30,1537000,680.30
2012-10-26,676.50,683.03,671.20,675.15,1950800,675.15
2012-10-25,680.00,682.00,673.51,677.76,2401100,677.76
2012-10-24,686.80,687.00,675.27,677.30,2496500,677.30
2012-10-23,672.01,687.33,672.00,680.35,2916600,680.35
2012-10-22,681.01,684.63,669.70,678.67,4055600,678.67
2012-10-19,705.58,706.70,672.00,681.79,11482200,681.79
2012-10-18,755.54,759.42,676.00,695.00,12442400,695.00
2012-10-17,743.95,756.34,740.26,755.49,2292900,755.49
2012-10-16,740.13,746.99,736.46,744.70,2058200,744.70
2012-10-15,741.94,743.83,730.70,740.98,3019100,740.98
2012-10-12,751.85,754.87,744.10,744.75,2404200,744.75
2012-10-11,752.90,758.50,750.29,751.48,2383900,751.48
2012-10-10,741.86,747.53,738.29,744.56,2039900,744.56
2012-10-09,759.67,761.32,742.53,744.09,3003200,744.09
2012-10-08,761.00,763.58,754.15,757.84,1958600,757.84
2012-10-05,770.71,774.38,765.01,767.65,2735900,767.65
2012-10-04,762.75,769.89,759.40,768.05,2454200,768.05
2012-10-03,755.72,763.92,752.20,762.50,2208300,762.50
2012-10-02,765.20,765.99,750.27,756.99,2790200,756.99
2012-10-01,759.05,765.00,756.21,761.78,3168000,761.78
2012-09-28,754.15,759.30,751.15,754.50,2783500,754.50
2012-09-27,759.95,762.84,751.65,756.50,3931100,756.50
2012-09-26,749.85,761.24,741.00,753.46,5672900,753.46
2012-09-25,753.05,764.89,747.66,749.16,6058500,749.16
2012-09-24,731.00,750.04,730.25,749.38,3563800,749.38
2012-09-21,732.21,734.92,730.12,733.99,6359100,733.99
2012-09-20,724.47,731.38,721.22,728.12,2907400,728.12
2012-09-19,717.50,728.56,716.41,727.50,3098300,727.50
2012-09-18,707.78,718.66,706.78,718.28,2066800,718.28
2012-09-17,708.11,712.88,705.00,709.98,1508300,709.98
2012-09-14,709.60,713.00,707.01,709.68,2618500,709.68
2012-09-13,693.09,709.00,690.54,706.04,2659000,706.04
2012-09-12,689.41,694.91,680.88,690.88,2642300,690.88
2012-09-11,697.96,700.65,691.00,692.19,1873800,692.19
2012-09-10,709.76,712.81,698.39,700.77,2560000,700.77
2012-09-07,700.00,712.25,697.67,706.15,3233000,706.15
2012-09-06,685.96,699.89,684.73,699.40,3043500,699.40
2012-09-05,680.00,686.50,679.14,680.72,1708200,680.72
2012-09-04,684.55,685.00,673.50,681.04,1889600,681.04
2012-08-31,684.00,688.58,680.04,685.09,2127100,685.09
2012-08-30,684.24,687.39,680.18,681.68,1626900,681.68
2012-08-29,677.37,688.99,676.15,688.01,2990300,688.01
2012-08-28,665.00,677.62,664.74,677.25,2058600,677.25
2012-08-27,662.99,672.00,659.24,669.22,2613700,669.22
2012-08-24,675.60,680.45,674.08,678.63,1426600,678.63
2012-08-23,674.27,680.48,671.00,676.80,1784200,676.80
2012-08-22,667.38,680.60,666.70,677.18,1909200,677.18
2012-08-21,673.11,678.00,662.17,669.51,2222200,669.51
2012-08-20,675.50,678.87,672.66,675.54,1758100,675.54
2012-08-17,674.12,677.25,671.70,677.14,2177700,677.14
2012-08-16,667.51,674.64,667.08,672.87,1717700,672.87
2012-08-15,670.28,674.25,664.10,667.54,2410700,667.54
2012-08-14,659.25,672.85,659.00,668.66,3661700,668.66
2012-08-13,647.42,660.15,646.68,660.01,3267900,660.01
2012-08-10,638.59,642.24,636.13,642.00,1434600,642.00
2012-08-09,644.51,646.37,641.52,642.35,1070300,642.35
2012-08-08,639.05,645.87,638.50,642.23,1322200,642.23
2012-08-07,641.79,644.26,636.47,640.54,1981800,640.54
2012-08-06,639.61,649.38,639.22,642.82,1782400,642.82
2012-08-03,640.00,643.72,636.14,641.33,1897100,641.33
2012-08-02,625.51,638.03,623.41,628.75,1977700,628.75
2012-08-01,637.30,639.51,631.38,632.68,1844600,632.68
2012-07-31,628.26,636.50,628.22,632.97,1865600,632.97
2012-07-30,636.05,642.60,629.50,632.30,2186700,632.30
2012-07-27,618.89,635.00,617.50,634.96,3549700,634.96
2012-07-26,615.00,616.87,610.03,613.36,1685200,613.36
2012-07-25,608.32,613.38,605.37,607.99,1823000,607.99
2012-07-24,615.00,617.93,604.34,607.57,2009400,607.57
2012-07-23,600.48,618.35,598.25,615.51,3561700,615.51
2012-07-20,608.76,612.94,598.18,610.82,6463700,610.82
2012-07-19,586.14,598.48,586.00,593.06,4674700,593.06
2012-07-18,576.98,583.69,576.13,580.76,1548200,580.76
2012-07-17,578.43,580.67,568.40,576.73,1680100,576.73
2012-07-16,576.37,579.19,571.78,574.92,1462600,574.92
2012-07-13,572.15,579.15,568.55,576.52,1976000,576.52
2012-07-12,567.12,571.93,562.09,570.48,2309800,570.48
2012-07-11,576.30,577.85,564.94,571.19,3499300,571.19
2012-07-10,590.19,592.43,578.74,581.70,1923100,581.70
2012-07-09,584.95,588.60,581.25,586.01,1715100,586.01
2012-07-06,592.45,593.52,582.82,585.98,2161800,585.98
2012-07-05,588.76,600.06,588.54,595.92,2345900,595.92
2012-07-03,580.01,588.41,578.00,587.83,1189500,587.83
2012-07-02,581.82,583.00,576.50,580.47,1655500,580.47
2012-06-29,574.96,580.13,572.20,580.07,2519500,580.07
2012-06-28,565.90,566.23,557.21,564.31,1920900,564.31
2012-06-27,567.70,573.99,566.02,569.30,1692300,569.30
2012-06-26,562.76,566.60,559.48,564.68,1350200,564.68
2012-06-25,567.33,568.09,557.35,560.70,1581600,560.70
2012-06-22,568.00,571.48,565.82,571.48,2227900,571.48
2012-06-21,579.84,579.84,563.73,565.21,2011300,565.21
2012-06-20,579.81,580.00,573.51,577.51,2346700,577.51
2012-06-19,573.59,584.28,573.12,581.53,2076200,581.53
2012-06-18,562.62,574.21,559.25,570.85,2496900,570.85
2012-06-15,560.34,564.52,557.09,564.51,3001200,564.51
2012-06-14,561.30,565.07,556.52,559.05,2344900,559.05
2012-06-13,561.72,567.00,558.68,561.09,1954200,561.09
2012-06-12,569.77,570.30,558.58,565.10,3224200,565.10
2012-06-11,584.21,585.32,566.69,568.50,2661100,568.50
2012-06-08,575.85,581.00,574.58,580.45,1410400,580.45
2012-06-07,587.60,587.89,577.25,578.23,1758500,578.23
2012-06-06,576.48,581.97,573.61,580.57,2095800,580.57
2012-06-05,575.45,578.13,566.47,570.41,2339900,570.41
2012-06-04,570.22,580.49,570.01,578.59,2432700,578.59
2012-06-01,571.79,572.65,568.35,570.98,3057900,570.98
2012-05-31,588.72,590.00,579.00,580.86,2968300,580.86
2012-05-30,588.16,591.90,583.53,588.23,1906700,588.23
2012-05-29,595.81,599.13,588.32,594.34,2605700,594.34
2012-05-25,601.00,601.73,588.28,591.53,3581900,591.53
2012-05-24,609.16,611.92,598.87,603.66,1891300,603.66
2012-05-23,601.65,609.60,597.12,609.46,3178100,609.46
2012-05-22,613.44,613.81,596.00,600.80,3051900,600.80
2012-05-21,600.51,615.69,600.00,614.11,3075400,614.11
2012-05-18,625.10,632.42,596.70,600.40,5973500,600.40
2012-05-17,633.83,637.85,621.23,623.05,3353800,623.05
2012-05-16,617.96,630.10,615.94,628.93,4835100,628.93
2012-05-15,605.35,615.00,603.75,611.11,2102100,611.11
2012-05-14,600.78,608.50,600.58,604.00,1824400,604.00
2012-05-11,610.35,614.55,604.77,605.23,2099400,605.23
2012-05-10,612.96,616.19,610.23,613.66,1535900,613.66
2012-05-09,606.82,616.38,601.81,609.15,2328800,609.15
2012-05-08,605.53,616.90,600.70,612.79,2677300,612.79
2012-05-07,595.00,610.57,595.00,607.55,1994500,607.55
2012-05-04,605.92,607.89,596.81,596.97,2207400,596.97
2012-05-03,609.62,614.83,608.95,611.02,1868000,611.02
2012-05-02,601.20,608.11,600.61,607.26,1611500,607.26
2012-05-01,603.79,611.60,600.19,604.43,2002300,604.43
2012-04-30,612.99,616.08,600.61,604.85,2407300,604.85
2012-04-27,615.02,616.74,610.60,614.98,1636400,614.98
2012-04-26,610.91,618.00,609.70,615.47,2092500,615.47
2012-04-25,604.00,611.35,602.88,609.72,1821100,609.72
2012-04-24,598.24,606.63,597.32,601.27,1929100,601.27
2012-04-23,592.90,598.45,590.20,597.60,2197800,597.60
2012-04-20,604.25,608.85,595.83,596.06,3058400,596.06
2012-04-19,605.69,616.26,599.00,599.30,3294600,599.30
2012-04-18,608.05,612.80,602.81,607.45,2669500,607.45
2012-04-17,608.56,617.69,607.01,609.57,3023900,609.57
2012-04-16,623.00,623.81,601.66,606.07,5692100,606.07
2012-04-13,647.55,648.99,623.54,624.60,8159300,624.60
2012-04-12,642.35,653.14,640.26,651.01,5756600,651.01
2012-04-11,633.97,636.00,631.30,635.96,2199000,635.96
2012-04-10,633.52,634.50,624.55,626.86,2482000,626.86
2012-04-09,628.48,635.33,625.29,630.84,2182700,630.84
2012-04-05,632.24,636.43,628.57,632.32,2318700,632.32
2012-04-04,638.45,639.00,631.10,635.15,1627600,635.15
2012-04-03,645.41,647.95,638.64,642.62,2044900,642.62
2012-04-02,640.77,647.50,634.84,646.92,2284200,646.92
2012-03-30,651.75,653.49,641.00,641.24,2310700,641.24
2012-03-29,653.44,656.59,644.30,648.41,1924300,648.41
2012-03-28,652.03,658.59,651.08,655.76,2538900,655.76
2012-03-27,647.03,653.50,644.80,647.02,2007200,647.02
2012-03-26,645.00,649.49,639.54,649.33,1819200,649.33
2012-03-23,646.60,648.50,640.90,642.59,1940200,642.59
2012-03-22,638.50,648.80,631.00,646.05,2410200,646.05
2012-03-21,634.61,647.39,632.51,639.98,2469600,639.98
2012-03-20,630.92,636.06,627.27,633.49,1540500,633.49
2012-03-19,623.12,637.27,621.24,633.98,2172800,633.98
2012-03-16,620.89,625.91,620.05,625.04,3050500,625.04
2012-03-15,616.60,623.50,614.83,621.13,2435100,621.13
2012-03-14,615.00,622.78,613.46,615.99,2936900,615.99
2012-03-13,608.75,617.85,605.55,617.78,2245800,617.78
2012-03-12,600.00,607.00,599.26,605.15,1669000,605.15
2012-03-09,607.95,611.90,600.00,600.25,2670600,600.25
2012-03-08,610.04,611.50,606.35,607.14,1345500,607.14
2012-03-07,609.05,611.19,605.86,606.80,1264500,606.80
2012-03-06,608.05,608.81,593.84,604.96,3174400,604.96
2012-03-05,620.43,622.49,611.38,614.25,1593300,614.25
2012-03-02,622.00,624.00,620.32,621.25,1573300,621.25
2012-03-01,622.26,625.70,618.15,622.40,2237700,622.40
2012-02-29,618.60,625.60,615.50,618.25,3136900,618.25
2012-02-28,610.00,619.77,607.68,618.39,2847600,618.39
2012-02-27,606.59,612.36,605.06,609.31,1813900,609.31
2012-02-24,607.35,611.65,605.51,609.90,1935600,609.90
2012-02-23,607.00,607.94,600.35,606.11,2055000,606.11
2012-02-22,611.96,616.78,606.71,607.94,1967000,607.94
2012-02-21,603.87,617.88,602.88,614.00,2480800,614.00
2012-02-17,604.97,607.63,602.40,604.64,2449100,604.64
2012-02-16,602.82,608.81,597.73,606.52,2530900,606.52
2012-02-15,612.93,612.93,602.56,605.56,2425900,605.56
2012-02-14,611.54,612.00,604.76,609.76,1803700,609.76
2012-02-13,610.50,613.84,610.02,612.20,1816300,612.20
2012-02-10,607.88,608.13,604.00,605.91,2325200,605.91
2012-02-09,612.02,614.50,609.00,611.46,2264700,611.46
2012-02-08,608.64,611.35,604.74,609.85,1836400,609.85
2012-02-07,607.15,609.39,603.76,606.77,2092100,606.77
2012-02-06,595.01,610.83,594.01,609.09,3679600,609.09
2012-02-03,590.66,597.07,588.05,596.33,3168500,596.33
2012-02-02,584.87,586.41,582.08,585.11,2414700,585.11
2012-02-01,584.94,585.50,579.14,580.83,2320700,580.83
2012-01-31,583.00,584.00,575.15,580.11,2142400,580.11
2012-01-30,578.05,580.00,573.40,577.69,2330500,577.69
2012-01-27,570.78,580.32,569.33,579.98,3617500,579.98
2012-01-26,571.98,574.48,564.55,568.10,3226200,568.10
2012-01-25,577.51,578.71,566.38,569.49,4987700,569.49
2012-01-24,586.32,587.68,578.00,580.93,3055800,580.93
2012-01-23,586.00,588.66,583.16,585.52,3412900,585.52
2012-01-20,590.53,591.00,581.70,585.99,10576300,585.99
2012-01-19,640.99,640.99,631.46,639.57,6305300,639.57
2012-01-18,626.63,634.00,622.12,632.91,2761700,632.91
2012-01-17,631.98,631.98,625.68,628.58,1909300,628.58
2012-01-13,626.26,626.95,621.06,624.99,2307300,624.99
2012-01-12,631.22,632.89,626.50,629.64,1875200,629.64
2012-01-11,623.50,629.39,621.12,625.96,2400000,625.96
2012-01-10,629.75,633.80,616.91,623.14,4395600,623.14
2012-01-09,646.50,647.00,621.23,622.46,5822600,622.46
2012-01-06,659.15,660.00,649.79,650.02,2692900,650.02
2012-01-05,662.13,663.97,656.23,659.01,3282900,659.01
2012-01-04,665.03,670.25,660.62,668.28,2864000,668.28
2012-01-03,652.94,668.15,652.37,665.41,3676500,665.41
2011-12-30,642.02,646.76,642.02,645.90,1782300,645.90
2011-12-29,641.49,643.00,635.20,642.40,1575400,642.40
2011-12-28,642.75,645.00,638.10,639.70,2127200,639.70
2011-12-27,632.05,644.49,632.00,640.25,1606400,640.25
2011-12-23,632.00,634.68,630.56,633.14,1453700,633.14
2011-12-22,627.95,631.73,627.01,629.70,1822300,629.70
2011-12-21,630.01,631.82,618.96,625.82,2497900,625.82
2011-12-20,628.00,631.84,627.99,630.37,2388200,630.37
2011-12-19,628.01,628.50,620.00,621.83,2143500,621.83
2011-12-16,624.32,629.32,621.47,625.96,4459300,625.96
2011-12-15,622.52,624.00,618.69,619.54,2408600,619.54
2011-12-14,621.85,624.32,612.49,618.07,3903700,618.07
2011-12-13,628.76,636.56,622.85,625.63,4028200,625.63
2011-12-12,621.88,626.18,620.29,625.39,2183900,625.39
2011-12-09,618.00,629.13,617.01,627.42,2766200,627.42
2011-12-08,621.04,627.45,615.30,616.05,2413100,616.05
2011-12-07,621.68,625.66,618.10,623.39,2257300,623.39
2011-12-06,622.99,628.62,620.24,623.77,2326500,623.77
2011-12-05,627.64,631.90,622.40,625.65,3197500,625.65
2011-12-02,617.05,624.00,616.26,620.36,4085700,620.36
2011-12-01,600.00,616.00,599.00,613.77,3620600,613.77
2011-11-30,597.95,599.51,592.09,599.39,3397000,599.39
2011-11-29,587.88,590.36,581.33,582.93,1831800,582.93
2011-11-28,579.37,588.82,576.50,588.19,2828900,588.19
2011-11-25,565.19,574.27,561.33,563.00,1562400,563.00
2011-11-23,575.35,580.25,570.11,570.11,2325800,570.11
2011-11-22,580.00,584.97,575.24,580.00,2405300,580.00
2011-11-21,587.76,588.50,572.09,580.94,3001300,580.94
2011-11-18,602.00,604.50,593.75,594.88,3287700,594.88
2011-11-17,610.05,612.29,596.78,600.87,3493300,600.87
2011-11-16,612.08,618.30,610.61,611.47,2608500,611.47
2011-11-15,612.80,618.08,610.50,616.56,2676000,616.56
2011-11-14,608.00,618.08,607.78,613.00,3188700,613.00
2011-11-11,601.30,612.09,598.60,608.35,3977000,608.35
2011-11-10,605.93,605.95,591.56,595.08,2868400,595.08
2011-11-09,604.26,609.39,598.66,600.95,3711000,600.95
2011-11-08,609.00,614.37,603.60,612.34,3029400,612.34
2011-11-07,593.32,608.78,592.23,608.33,3357400,608.33
2011-11-04,593.50,599.74,592.43,596.14,2834800,596.14
2011-11-03,587.00,597.50,583.72,597.50,2669800,597.50
2011-11-02,584.90,587.96,580.48,584.82,2120900,584.82
2011-11-01,580.10,585.51,576.75,578.65,3125100,578.65
2011-10-31,595.09,599.69,591.67,592.64,2557800,592.64
2011-10-28,594.52,602.30,594.25,600.14,2508000,600.14
2011-10-27,598.42,602.70,593.30,598.67,3780300,598.67
2011-10-26,589.55,590.18,572.86,586.31,2873100,586.31
2011-10-25,593.10,595.00,582.85,583.16,2540500,583.16
2011-10-24,586.72,599.97,586.50,596.42,3426900,596.42
2011-10-21,589.51,592.75,586.70,590.49,3391000,590.49
2011-10-20,581.90,588.89,579.51,583.67,3379000,583.67
2011-10-19,587.34,592.06,579.22,580.70,2931500,580.70
2011-10-18,580.19,592.56,577.40,590.51,3800800,590.51
2011-10-17,583.72,591.83,578.00,582.41,4008200,582.41
2011-10-14,599.47,599.60,587.57,591.68,8529900,591.68
2011-10-13,550.03,559.00,548.02,558.99,5687600,558.99
2011-10-12,548.13,555.23,544.63,548.50,3177800,548.50
2011-10-11,533.46,546.80,533.46,543.18,2853400,543.18
2011-10-10,525.18,537.47,523.20,537.17,2322200,537.17
2011-10-07,516.83,520.50,510.30,515.12,2855900,515.12
2011-10-06,507.50,515.23,502.60,514.71,3424300,514.71
2011-10-05,496.35,507.80,480.77,504.70,4534100,504.70
2011-10-04,490.03,503.44,480.60,501.90,4158800,501.90
2011-10-03,509.85,512.00,495.00,495.52,4474400,495.52
2011-09-30,520.21,524.00,514.38,515.04,2723600,515.04
2011-09-29,536.04,537.30,519.41,527.50,2906600,527.50
2011-09-28,541.50,544.02,527.70,528.84,2263300,528.84
2011-09-27,538.20,547.05,536.05,539.34,3010900,539.34
2011-09-26,527.25,532.93,513.25,531.89,2634200,531.89
2011-09-23,516.56,526.42,514.50,525.51,2777300,525.51
2011-09-22,526.25,528.78,514.00,520.66,4400300,520.66
2011-09-21,547.69,555.00,538.86,539.20,2514300,539.20
2011-09-20,549.40,558.52,542.67,546.63,2779100,546.63
2011-09-19,540.35,549.90,535.38,546.67,2468400,546.67
2011-09-16,544.80,546.84,543.14,546.68,3534300,546.68
2011-09-15,535.50,544.98,534.56,542.56,2960800,542.56
2011-09-14,532.59,536.95,525.82,532.07,2694400,532.07
2011-09-13,532.00,533.88,523.40,529.52,2354200,529.52
2011-09-12,517.96,531.99,517.50,530.12,2670400,530.12
2011-09-09,531.40,534.65,521.19,524.85,3268800,524.85
2011-09-08,533.80,539.10,531.90,534.96,2380500,534.96
2011-09-07,530.45,535.94,527.40,534.03,2755800,534.03
2011-09-06,510.80,522.76,510.50,522.18,2715800,522.18
2011-09-02,524.47,527.92,520.73,524.84,2401200,524.84
2011-09-01,540.75,543.83,531.22,532.50,2415500,532.50
2011-08-31,544.74,546.30,536.00,540.96,2693300,540.96
2011-08-30,538.19,542.99,530.81,540.70,2989000,540.70
2011-08-29,534.56,539.45,533.56,539.08,2335800,539.08
2011-08-26,519.99,530.45,513.14,526.86,3596300,526.86
2011-08-25,530.38,537.27,518.30,520.04,3293000,520.04
2011-08-24,519.33,530.00,517.23,523.29,3594500,523.29
2011-08-23,503.50,521.41,499.06,518.82,4346800,518.82
2011-08-22,504.00,507.00,494.53,498.17,4905900,498.17
2011-08-19,499.34,514.87,490.86,490.92,5410000,490.92
2011-08-18,523.47,524.89,500.49,504.88,6290700,504.88
2011-08-17,540.03,543.69,530.77,533.15,4079100,533.15
2011-08-16,552.43,552.44,530.30,539.00,6939400,539.00
2011-08-15,553.43,564.99,546.05,557.23,7144900,557.23
2011-08-12,569.50,570.50,560.40,563.77,3154300,563.77
2011-08-11,553.82,568.50,548.41,562.13,4830600,562.13
2011-08-10,561.38,564.12,547.73,549.01,5369600,549.01
2011-08-09,561.00,574.61,541.01,573.41,6469700,573.41
2011-08-08,562.98,569.00,544.35,546.02,7496600,546.02
2011-08-05,582.54,590.00,562.00,579.04,5929100,579.04
2011-08-04,594.50,598.85,577.47,577.52,4914600,577.52
2011-08-03,594.27,603.00,583.63,601.17,3825700,601.17
2011-08-02,606.00,609.67,591.57,592.40,3200600,592.40
2011-08-01,611.22,615.50,599.18,606.77,3966100,606.77
2011-07-29,604.23,614.96,603.69,603.69,4137400,603.69
2011-07-28,605.19,615.98,603.00,610.94,3108400,610.94
2011-07-27,617.18,620.95,604.75,607.22,3934400,607.22
2011-07-26,618.05,627.50,617.22,622.52,2342900,622.52
2011-07-25,613.36,625.41,613.00,618.98,3131600,618.98
2011-07-22,605.39,619.50,604.27,618.23,3528200,618.23
2011-07-21,594.03,608.06,594.01,606.99,3469500,606.99
2011-07-20,602.18,602.83,595.35,595.35,2227800,595.35
2011-07-19,596.14,604.68,595.53,602.55,2967500,602.55
2011-07-18,592.49,602.05,592.00,594.94,4468300,594.94
2011-07-15,597.50,600.25,588.16,597.62,13732100,597.62
2011-07-14,539.12,542.00,526.73,528.94,6649500,528.94
2011-07-13,537.00,544.00,536.48,538.26,2790200,538.26
2011-07-12,528.16,539.42,526.00,534.01,2841200,534.01
2011-07-11,528.18,535.98,525.50,527.28,2839300,527.28
2011-07-08,532.95,537.65,527.27,531.99,4770200,531.99
2011-07-07,541.00,550.68,535.88,546.60,3935500,546.60
2011-07-06,533.50,538.51,533.04,535.36,2695600,535.36
2011-07-05,525.30,535.40,525.30,532.44,3849200,532.44
2011-07-01,506.74,521.18,506.38,521.03,3636700,521.03
2011-06-30,501.99,506.67,501.50,506.38,2428400,506.38
2011-06-29,496.54,500.25,492.38,497.57,2343000,497.57
2011-06-28,484.02,496.21,484.02,493.65,2715100,493.65
2011-06-27,474.00,488.40,473.60,482.80,3444700,482.80
2011-06-24,480.68,480.75,473.02,474.88,3805600,474.88
2011-06-23,482.13,482.86,473.73,480.22,4801700,480.22
2011-06-22,491.45,492.35,486.73,487.01,2407100,487.01
2011-06-21,487.19,493.94,484.73,493.00,2765400,493.00
2011-06-20,485.00,486.23,479.23,484.58,3028600,484.58
2011-06-17,506.18,506.69,484.80,485.02,5245400,485.02
2011-06-16,502.81,506.57,496.67,500.37,2757000,500.37
2011-06-15,505.03,508.35,500.61,502.95,2073300,502.95
2011-06-14,508.15,514.08,506.99,508.37,2341500,508.37
2011-06-13,510.00,510.20,502.17,504.73,2427300,504.73
2011-06-10,514.08,516.69,509.29,509.51,2439900,509.51
2011-06-09,520.00,520.00,515.64,516.73,1689100,516.73
2011-06-08,516.53,521.24,515.78,519.17,1653400,519.17
2011-06-07,522.89,524.63,518.99,519.03,1907600,519.03
2011-06-06,523.54,526.82,519.25,521.06,1942100,521.06
2011-06-03,522.00,527.60,521.50,523.08,1748500,523.08
2011-06-02,527.57,530.30,522.48,528.06,2204500,528.06
2011-06-01,528.04,533.20,525.31,525.60,2955900,525.60
2011-05-31,525.00,529.05,523.50,529.02,2687300,529.02
2011-05-27,518.48,521.79,516.30,520.90,1745800,520.90
2011-05-26,517.70,522.12,515.00,518.13,2118500,518.13
2011-05-25,519.67,522.77,517.25,519.67,1301600,519.67
2011-05-24,520.37,523.96,518.15,518.26,1900000,518.26
2011-05-23,516.60,520.00,513.40,518.39,2300000,518.39
2011-05-20,531.80,531.99,523.13,524.03,2317500,524.03
2011-05-19,532.73,536.54,529.72,531.25,2468700,531.25
2011-05-18,529.54,530.33,525.70,529.81,1953200,529.81
2011-05-17,515.43,531.22,515.03,530.46,3303600,530.46
2011-05-16,526.31,527.27,516.40,518.42,2958200,518.42
2011-05-13,534.61,535.92,529.05,529.55,2108700,529.55
2011-05-12,535.24,536.94,530.91,535.05,1448300,535.05
2011-05-11,540.14,543.55,533.69,535.45,2338800,535.45
2011-05-10,540.00,544.43,537.54,542.66,2042900,542.66
2011-05-09,535.00,538.49,531.10,537.68,1948700,537.68
2011-05-06,538.15,541.46,535.18,535.30,2056100,535.30
2011-05-05,533.86,539.42,531.50,534.27,1997800,534.27
2011-05-04,535.17,539.00,533.02,535.79,2117000,535.79
2011-05-03,537.13,542.01,529.63,533.89,2081500,533.89
2011-05-02,545.70,545.73,537.12,538.56,2133700,538.56
2011-04-29,540.00,544.10,538.51,544.10,4228500,544.10
2011-04-28,538.06,539.25,534.08,537.97,2000000,537.97
2011-04-27,538.00,538.11,534.35,537.76,2298400,537.76
2011-04-26,526.52,537.44,525.21,532.82,3500000,532.82
2011-04-25,525.25,527.00,522.01,525.05,1630800,525.05
2011-04-21,527.49,528.28,522.39,525.10,2470100,525.10
2011-04-20,525.90,526.82,521.39,525.73,3060000,525.73
2011-04-19,529.95,530.88,520.90,521.53,2684100,521.53
2011-04-18,526.42,527.66,519.00,526.84,5039800,526.84
2011-04-15,545.29,545.75,530.06,530.70,14043700,530.70
2011-04-14,575.19,579.45,572.10,578.51,5456300,578.51
2011-04-13,575.51,577.60,571.75,576.28,2069400,576.28
2011-04-12,575.00,576.91,568.05,570.61,2085600,570.61
2011-04-11,576.20,578.10,573.00,577.37,1858200,577.37
2011-04-08,584.89,584.89,578.06,578.16,1901800,578.16
2011-04-07,575.73,580.64,574.19,580.00,2531500,580.00
2011-04-06,572.18,575.16,568.00,574.18,2668300,574.18
2011-04-05,581.08,581.49,565.68,569.09,6047500,569.09
2011-04-04,593.00,594.74,583.10,587.68,2054500,587.68
2011-04-01,588.76,595.19,588.76,591.80,2613200,591.80
2011-03-31,583.00,588.16,581.74,586.76,2029400,586.76
2011-03-30,584.38,585.50,580.58,581.84,1422300,581.84
2011-03-29,576.00,581.89,573.01,581.73,1604800,581.73
2011-03-28,582.07,584.99,574.71,575.36,2218400,575.36
2011-03-25,586.88,586.91,579.24,579.74,2858400,579.74
2011-03-24,585.43,588.39,578.80,586.89,2098700,586.89
2011-03-23,575.19,582.45,572.00,582.16,1816200,582.16
2011-03-22,577.27,579.23,572.51,577.32,1886900,577.32
2011-03-21,570.22,579.80,569.02,576.50,3020900,576.50
2011-03-18,564.64,567.99,559.74,561.06,3298600,561.06
2011-03-17,564.48,569.00,560.54,561.36,2899300,561.36
2011-03-16,568.01,569.79,551.28,557.10,3798500,557.10
2011-03-15,557.50,571.00,555.50,569.56,4005600,569.56
2011-03-14,572.80,578.29,568.02,569.99,2816100,569.99
2011-03-11,578.22,580.00,573.33,576.71,3032000,576.71
2011-03-10,585.44,586.62,579.45,580.30,3128100,580.30
2011-03-09,591.00,594.51,585.75,591.77,2151000,591.77
2011-03-08,592.93,597.98,590.20,592.31,2284900,592.31
2011-03-07,600.55,603.69,587.00,591.66,3462700,591.66
2011-03-04,608.33,608.98,600.20,600.62,3011000,600.62
2011-03-03,606.38,611.49,605.00,609.56,1945300,609.56
2011-03-02,599.80,606.00,595.19,600.79,2026700,600.79
2011-03-01,617.78,619.22,599.30,600.76,3323200,600.76
2011-02-28,610.00,616.49,608.01,613.40,2281500,613.40
2011-02-25,611.86,614.72,609.50,610.04,1932400,610.04
2011-02-24,611.39,613.09,601.35,608.82,2711700,608.82
2011-02-23,610.33,614.70,604.00,611.32,2889600,611.32
2011-02-22,620.03,624.93,607.77,610.21,3639900,610.21
2011-02-18,626.00,631.18,624.18,630.08,3217900,630.08
2011-02-17,621.25,627.25,620.28,625.26,1478800,625.26
2011-02-16,625.63,626.50,622.10,624.22,1684000,624.22
2011-02-15,627.32,630.09,623.10,624.15,2092000,624.15
2011-02-14,623.34,629.64,620.04,628.15,2128000,628.15
2011-02-11,613.79,625.00,613.00,624.50,2589900,624.50
2011-02-10,613.90,617.50,611.56,616.44,2334400,616.44
2011-02-09,616.87,619.45,612.34,616.50,1842500,616.50
2011-02-08,614.93,619.63,614.51,618.38,1694900,618.38
2011-02-07,610.16,618.39,609.21,614.29,1799600,614.29
2011-02-04,610.15,611.44,606.61,610.98,1550800,610.98
2011-02-03,609.48,611.45,606.13,610.15,1495100,610.15
2011-02-02,611.00,614.34,607.53,612.00,1760700,612.00
2011-02-01,604.49,613.35,603.11,611.04,2745300,611.04
2011-01-31,603.60,604.47,595.55,600.36,2804900,600.36
2011-01-28,619.07,620.36,599.76,600.99,4231100,600.99
2011-01-27,617.89,619.70,613.25,616.79,2019200,616.79
2011-01-26,620.33,622.49,615.28,616.50,2038100,616.50
2011-01-25,608.20,620.69,606.52,619.91,3646800,619.91
2011-01-24,607.57,612.49,601.23,611.08,4599200,611.08
2011-01-21,639.58,641.73,611.36,611.83,8904400,611.83
2011-01-20,632.21,634.08,623.29,626.77,5485800,626.77
2011-01-19,642.12,642.96,629.66,631.75,3406100,631.75
2011-01-18,626.06,641.99,625.27,639.63,3617000,639.63
2011-01-14,617.40,624.27,617.08,624.18,2365600,624.18
2011-01-13,616.97,619.67,614.16,616.69,1334000,616.69
2011-01-12,619.35,619.35,614.77,616.87,1632700,616.87
2011-01-11,617.71,618.80,614.50,616.01,1439300,616.01
2011-01-10,614.80,615.39,608.56,614.21,1579200,614.21
2011-01-07,615.91,618.25,610.13,616.44,2101200,616.44
2011-01-06,610.68,618.43,610.05,613.50,2057800,613.50
2011-01-05,600.07,610.33,600.05,609.07,2532300,609.07
2011-01-04,605.62,606.18,600.12,602.12,1824500,602.12
2011-01-03,596.48,605.59,596.48,604.35,2365200,604.35
2010-12-31,596.74,598.42,592.03,593.97,1539300,593.97
2010-12-30,598.00,601.33,597.39,598.86,989500,598.86
2010-12-29,602.00,602.41,598.92,601.00,1019200,601.00
2010-12-28,602.05,603.87,598.01,598.92,1064800,598.92
2010-12-27,602.74,603.78,599.50,602.38,1208100,602.38
2010-12-23,605.34,606.00,602.03,604.23,1110800,604.23
2010-12-22,604.00,607.00,603.28,605.49,1207500,605.49
2010-12-21,598.57,604.72,597.61,603.07,1879500,603.07
2010-12-20,594.65,597.88,588.66,595.06,1973300,595.06
2010-12-17,591.00,592.56,587.67,590.80,3087100,590.80
2010-12-16,592.85,593.77,588.07,591.71,1596900,591.71
2010-12-15,594.20,596.45,589.15,590.30,2167700,590.30
2010-12-14,597.09,598.29,592.48,594.91,1643300,594.91
2010-12-13,597.12,603.00,594.09,594.62,2398500,594.62
2010-12-10,593.14,593.99,590.29,592.21,1704700,592.21
2010-12-09,593.88,595.58,589.00,591.50,1868900,591.50
2010-12-08,591.97,592.52,583.69,590.54,1756900,590.54
2010-12-07,591.27,593.00,586.00,587.14,3042200,587.14
2010-12-06,580.57,582.00,576.61,578.36,2093800,578.36
2010-12-03,569.45,576.48,568.00,573.00,2631200,573.00
2010-12-02,568.66,573.33,565.35,571.82,2547900,571.82
2010-12-01,563.00,571.57,562.40,564.35,3754100,564.35
2010-11-30,574.32,574.32,553.31,555.71,7117400,555.71
2010-11-29,589.17,589.80,579.95,582.11,2859700,582.11
2010-11-26,590.46,592.98,587.00,590.00,1311100,590.00
2010-11-24,587.31,596.60,587.05,594.97,2396400,594.97
2010-11-23,587.01,589.01,578.20,583.01,2162600,583.01
2010-11-22,587.47,593.44,582.75,591.22,2186600,591.22
2010-11-19,597.00,597.89,590.34,590.83,2297500,590.83
2010-11-18,589.00,599.98,588.56,596.56,2590000,596.56
2010-11-17,585.00,589.50,581.37,583.55,2442500,583.55
2010-11-16,592.76,597.89,583.45,583.72,3307400,583.72
2010-11-15,603.08,604.00,594.05,595.47,3478900,595.47
2010-11-12,613.99,616.90,601.21,603.29,3393000,603.29
2010-11-11,619.70,619.85,614.21,617.19,2261600,617.19
2010-11-10,622.08,623.00,617.51,622.88,2497000,622.88
2010-11-09,630.00,630.85,620.51,624.82,2237200,624.82
2010-11-08,624.02,629.49,623.13,626.77,2101300,626.77
2010-11-05,623.18,625.49,621.11,625.08,1765700,625.08
2010-11-04,624.64,629.92,622.10,624.27,3570800,624.27
2010-11-03,617.50,621.83,613.50,620.18,3380500,620.18
2010-11-02,618.67,620.00,614.58,615.60,1997600,615.60
2010-11-01,615.73,620.66,611.21,615.00,3087100,615.00
2010-10-29,617.07,619.00,612.99,613.70,2278300,613.70
2010-10-28,620.05,621.00,613.30,618.58,2184300,618.58
2010-10-27,615.77,620.00,612.33,616.47,2241900,616.47
2010-10-26,613.10,621.23,611.03,618.60,2512900,618.60
2010-10-25,615.59,624.74,614.97,616.50,3158400,616.50
2010-10-22,611.92,614.82,610.05,612.53,2256100,612.53
2010-10-21,611.51,616.00,606.00,611.99,2920500,611.99
2010-10-20,608.14,617.38,607.50,607.98,3525100,607.98
2010-10-19,608.85,614.82,602.86,607.83,4587900,607.83
2010-10-18,600.55,619.69,600.55,617.71,7098200,617.71
2010-10-15,599.27,601.64,591.60,601.45,14824800,601.45
2010-10-14,544.18,545.25,537.11,540.93,6634100,540.93
2010-10-13,547.00,547.49,542.33,543.30,3055600,543.30
2010-10-12,540.12,545.99,537.79,541.39,3753600,541.39
2010-10-11,538.48,544.60,537.17,538.84,2626300,538.84
2010-10-08,532.77,537.60,527.62,536.35,2859200,536.35
2010-10-07,536.21,537.20,529.14,530.01,2395800,530.01
2010-10-06,539.26,539.95,529.94,534.35,2762300,534.35
2010-10-05,528.38,540.00,526.55,538.23,3507100,538.23
2010-10-04,524.95,528.25,518.85,522.35,1940500,522.35
2010-10-01,530.00,530.62,523.00,525.62,2225000,525.62
2010-09-30,529.16,531.87,518.92,525.79,3244100,525.79
2010-09-29,527.85,532.94,524.71,527.69,2172200,527.69
2010-09-28,533.48,533.59,518.45,527.17,3654700,527.17
2010-09-27,528.85,536.85,528.85,530.41,3107400,530.41
2010-09-24,521.74,527.83,518.26,527.29,3356900,527.29
2010-09-23,514.61,519.69,511.30,513.48,2317400,513.48
2010-09-22,512.86,517.78,511.68,516.00,2537100,516.00
2010-09-21,509.68,519.98,508.91,513.46,4466300,513.46
2010-09-20,492.50,510.41,492.06,508.28,4403500,508.28
2010-09-17,483.75,491.20,481.18,490.15,5641600,490.15
2010-09-16,479.95,482.45,479.41,481.06,1969500,481.06
2010-09-15,479.95,481.89,478.50,480.64,2402800,480.64
2010-09-14,482.01,484.75,480.08,480.43,2216500,480.43
2010-09-13,480.90,484.35,479.53,482.27,2241500,482.27
2010-09-10,479.02,479.79,475.08,476.14,1974300,476.14
2010-09-09,477.83,480.40,470.58,476.18,2430600,476.18
2010-09-08,465.19,472.50,464.51,470.58,2401800,470.58
2010-09-07,464.50,467.59,463.02,464.40,1709900,464.40
2010-09-03,470.52,471.88,467.44,470.30,2540400,470.30
2010-09-02,462.84,464.43,460.31,463.18,1684200,463.18
2010-09-01,454.98,464.94,452.50,460.33,3228300,460.33
2010-08-31,450.11,454.87,448.00,450.02,1946800,450.02
2010-08-30,459.15,459.76,452.42,452.69,1231400,452.69
2010-08-27,452.56,459.99,447.65,458.83,2312400,458.83
2010-08-26,456.06,457.26,450.44,450.98,1777000,450.98
2010-08-25,450.00,457.81,450.00,454.62,2592100,454.62
2010-08-24,457.70,458.37,450.92,451.39,2762700,451.39
2010-08-23,461.50,468.25,457.73,464.07,2986200,464.07
2010-08-20,467.97,471.59,461.02,462.02,3917600,462.02
2010-08-19,481.01,482.51,467.25,467.97,3925000,467.97
2010-08-18,490.44,490.87,481.55,482.15,2686400,482.15
2010-08-17,488.53,494.70,486.03,490.52,1890700,490.52
2010-08-16,483.68,489.87,480.50,485.59,1305000,485.59
2010-08-13,489.00,491.19,486.01,486.35,1934700,486.35
2010-08-12,483.94,494.75,482.51,492.01,2204600,492.01
2010-08-11,497.73,498.00,491.50,491.74,2223000,491.74
2010-08-10,502.35,506.00,498.57,503.71,2074000,503.71
2010-08-09,502.25,505.50,501.36,505.35,1872200,505.35
2010-08-06,505.40,505.74,496.05,500.22,3319500,500.22
2010-08-05,505.89,508.60,503.56,508.10,2420400,508.10
2010-08-04,492.18,507.00,491.05,506.32,3812500,506.32
2010-08-03,490.50,492.46,486.76,489.83,1802300,489.83
2010-08-02,488.99,493.28,486.94,490.41,1858700,490.41
2010-07-30,479.65,487.36,479.14,484.85,2144100,484.85
2010-07-29,485.95,488.88,479.33,484.99,2675500,484.99
2010-07-28,494.94,495.25,482.67,484.35,2496000,484.35
2010-07-27,490.58,497.50,490.17,492.63,2451200,492.63
2010-07-26,489.09,490.75,484.88,488.97,1995200,488.97
2010-07-23,480.77,490.59,480.01,490.06,2264400,490.06
2010-07-22,483.23,488.98,482.48,484.81,2147700,484.81
2010-07-21,484.00,485.70,475.43,477.50,3279600,477.50
2010-07-20,461.03,482.99,460.60,481.59,4054500,481.59
2010-07-19,461.01,469.65,457.52,466.18,4550300,466.18
2010-07-16,469.12,470.56,459.52,459.61,7824800,459.61
2010-07-15,491.73,494.70,482.68,494.02,4858200,494.02
2010-07-14,489.88,493.83,486.46,491.34,3118000,491.34
2010-07-13,482.25,492.99,480.28,489.20,3976300,489.20
2010-07-12,472.37,479.44,471.08,475.83,3334400,475.83
2010-07-09,471.96,473.26,462.78,467.49,4331500,467.49
2010-07-08,453.55,457.33,449.66,456.56,2668900,456.56
2010-07-07,438.31,451.29,435.38,450.20,3129700,450.20
2010-07-06,444.00,447.67,433.63,436.07,2560100,436.07
2010-07-02,441.62,442.28,436.00,436.55,1936000,436.55
2010-07-01,445.29,448.40,433.63,439.49,3513600,439.49
2010-06-30,454.96,457.83,444.72,444.95,3603200,444.95
2010-06-29,463.44,464.55,451.12,454.26,3502100,454.26
2010-06-28,472.59,477.55,469.01,472.08,1762300,472.08
2010-06-25,477.06,477.65,470.56,472.68,2245200,472.68
2010-06-24,479.66,482.75,473.26,475.10,1893600,475.10
2010-06-23,486.89,486.89,478.16,482.05,2029100,482.05
2010-06-22,489.90,496.60,485.73,486.25,2219700,486.25
2010-06-21,499.90,500.97,484.89,488.56,2983500,488.56
2010-06-18,502.51,503.47,498.13,500.03,2872900,500.03
2010-06-17,503.45,505.87,496.69,500.08,1977300,500.08
2010-06-16,496.17,504.00,496.11,501.27,2289300,501.27
2010-06-15,483.08,500.40,482.18,497.99,4259600,497.99
2010-06-14,494.48,494.50,483.19,483.19,2040400,483.19
2010-06-11,482.50,488.71,481.62,488.50,1781700,488.50
2010-06-10,480.37,488.50,475.84,487.01,2577900,487.01
2010-06-09,487.22,488.88,472.00,474.02,2729000,474.02
2010-06-08,487.85,488.84,477.54,484.78,2685100,484.78
2010-06-07,499.06,500.91,483.15,485.52,3632700,485.52
2010-06-04,499.72,509.25,496.70,498.72,3920300,498.72
2010-06-03,495.11,508.00,494.70,505.60,3650700,505.60
2010-06-02,486.68,493.87,481.46,493.37,2540800,493.37
2010-06-01,480.43,491.06,480.12,482.37,2666800,482.37
2010-05-28,492.74,493.45,483.00,485.63,2894800,485.63
2010-05-27,484.95,492.31,481.05,490.46,2809100,490.46
2010-05-26,482.07,489.76,475.00,475.47,3475600,475.47
2010-05-25,468.15,477.45,464.01,477.07,3017400,477.07
2010-05-24,480.73,489.79,476.80,477.16,4345600,477.16
2010-05-21,469.06,485.00,464.40,472.05,9690800,472.05
2010-05-20,485.07,485.58,473.80,475.01,4913300,475.01
2010-05-19,496.26,499.44,487.74,494.43,3445700,494.43
2010-05-18,510.00,510.97,497.07,498.37,2825500,498.37
2010-05-17,506.78,508.36,498.35,507.97,2793800,507.97
2010-05-14,509.77,510.99,496.25,507.53,4116000,507.53
2010-05-13,516.50,522.00,510.37,510.88,3325800,510.88
2010-05-12,512.04,512.04,502.00,505.39,3851800,505.39
2010-05-11,515.67,519.88,508.22,509.05,3322600,509.05
2010-05-10,513.97,522.82,512.60,521.65,4128000,521.65
2010-05-07,499.97,505.32,481.33,493.14,5089000,493.14
2010-05-06,508.75,517.52,460.00,498.67,5000100,498.67
2010-05-05,500.98,515.72,500.47,509.76,4582200,509.76
2010-05-04,526.52,526.74,504.21,506.37,6076300,506.37
2010-05-03,526.50,532.92,525.08,530.60,1857800,530.60
2010-04-30,531.13,537.68,525.44,525.70,2435400,525.70
2010-04-29,533.37,536.50,526.67,532.00,3058900,532.00
2010-04-28,532.10,534.83,521.03,529.19,3406100,529.19
2010-04-27,528.95,538.33,527.23,529.06,3844700,529.06
2010-04-26,544.97,544.99,529.21,531.64,4368800,531.64
2010-04-23,547.25,549.32,542.27,544.99,2089400,544.99
2010-04-22,552.00,552.50,543.35,547.06,3280700,547.06
2010-04-21,556.46,560.25,552.16,554.30,2391500,554.30
2010-04-20,554.17,559.66,551.06,555.04,2977400,555.04
2010-04-19,548.75,553.99,545.00,550.10,3894000,550.10
2010-04-16,563.00,568.81,549.63,550.15,12235500,550.15
2010-04-15,592.17,597.84,588.29,595.30,6761800,595.30
2010-04-14,590.06,592.34,584.01,589.00,3402700,589.00
2010-04-13,572.53,588.88,571.13,586.77,3912300,586.77
2010-04-12,567.35,574.00,566.22,572.73,2352400,572.73
2010-04-09,567.49,568.77,564.00,566.22,2056600,566.22
2010-04-08,563.32,569.85,560.05,567.49,1947500,567.49
2010-04-07,567.30,568.75,561.86,563.54,2581000,563.54
2010-04-06,569.46,570.89,565.40,568.22,2060100,568.22
2010-04-05,570.90,574.88,569.00,571.01,1901500,571.01
2010-04-01,571.35,573.45,565.55,568.80,2102700,568.80
2010-03-31,565.05,569.74,562.81,567.12,3030800,567.12
2010-03-30,562.83,567.63,560.28,566.71,1977900,566.71
2010-03-29,563.00,564.72,560.57,562.45,3104500,562.45
2010-03-26,565.27,567.39,560.02,562.69,2696200,562.69
2010-03-25,559.02,572.00,558.66,562.88,3930900,562.88
2010-03-24,545.51,559.85,539.70,557.33,6565200,557.33
2010-03-23,557.04,558.31,542.00,549.00,5501300,549.00
2010-03-22,556.11,566.85,554.28,557.50,4004800,557.50
2010-03-19,566.23,568.00,557.28,560.00,4792400,560.00
2010-03-18,564.72,568.44,562.96,566.40,1777200,566.40
2010-03-17,568.30,571.45,564.25,565.56,3321600,565.56
2010-03-16,561.83,568.42,560.76,565.20,3431500,565.20
2010-03-15,566.68,569.45,556.00,563.18,4653900,563.18
2010-03-12,588.14,588.28,579.16,579.54,2753400,579.54
2010-03-11,574.26,586.21,574.20,581.14,4233300,581.14
2010-03-10,563.76,578.50,562.21,576.45,5654900,576.45
2010-03-09,559.85,564.66,556.50,560.19,3176600,560.19
2010-03-08,564.78,565.18,561.01,562.48,2386400,562.48
2010-03-05,561.35,567.67,559.90,564.21,3912200,564.21
2010-03-04,546.50,556.13,546.20,554.59,3183800,554.59
2010-03-03,542.36,548.12,539.25,545.32,3089400,545.32
2010-03-02,535.48,545.66,535.01,541.06,4356800,541.06
2010-03-01,529.20,533.29,527.74,532.69,2237900,532.69
2010-02-26,527.42,531.75,523.48,526.80,2049300,526.80
2010-02-25,527.12,528.49,520.00,526.43,3309200,526.43
2010-02-24,533.98,538.44,530.51,531.47,2326600,531.47
2010-02-23,543.00,543.63,532.29,535.07,2872600,535.07
2010-02-22,547.35,547.50,541.00,542.80,2144600,542.80
2010-02-19,540.53,544.03,539.70,540.76,2553100,540.76
2010-02-18,537.54,545.01,536.14,543.22,2336900,543.22
2010-02-17,542.00,543.40,537.61,538.21,2029700,538.21
2010-02-16,536.87,544.13,534.30,541.30,3654400,541.30
2010-02-12,532.97,537.15,530.50,533.12,2279700,533.12
2010-02-11,533.32,540.49,529.50,536.40,2410000,536.40
2010-02-10,534.07,537.79,527.69,534.45,2674500,534.45
2010-02-09,539.54,541.53,535.07,536.44,2819600,536.44
2010-02-08,532.50,542.00,531.53,533.47,2694300,533.47
2010-02-05,528.40,533.50,522.46,531.29,3156000,531.29
2010-02-04,537.00,538.00,525.56,526.78,3377700,526.78
2010-02-03,528.67,542.10,528.23,540.82,2999100,540.82
2010-02-02,534.96,534.96,527.61,531.12,4096200,531.12
2010-02-01,534.60,535.81,530.30,533.02,2250800,533.02
2010-01-29,538.49,540.99,525.61,529.94,4140500,529.94
2010-01-28,544.49,547.00,530.60,534.29,3229100,534.29
2010-01-27,541.27,547.65,535.31,542.10,3964400,542.10
2010-01-26,537.97,549.60,536.29,542.42,4355500,542.42
2010-01-25,546.59,549.88,535.51,540.00,4419900,540.00
2010-01-22,564.50,570.60,534.86,550.01,6800400,550.01
2010-01-21,583.44,586.82,572.25,582.98,6307700,582.98
2010-01-20,585.98,585.98,575.29,580.41,3250700,580.41
2010-01-19,581.20,590.42,576.29,587.62,4316700,587.62
2010-01-15,593.34,593.56,578.04,580.00,5434500,580.00
2010-01-14,583.90,594.20,582.81,589.85,4240100,589.85
2010-01-13,576.49,588.38,573.90,587.09,6496600,587.09
2010-01-12,597.65,598.16,588.00,590.48,4853300,590.48
2010-01-11,604.46,604.46,594.04,601.11,7212900,601.11
2010-01-08,592.00,603.25,589.11,602.02,4724300,602.02
2010-01-07,609.40,610.00,592.65,594.10,6414300,594.10
2010-01-06,625.86,625.86,606.36,608.26,3978700,608.26
2010-01-05,627.18,627.84,621.54,623.99,3004700,623.99
2010-01-04,626.95,629.51,624.24,626.75,1956200,626.75
2009-12-31,624.75,625.40,619.98,619.98,1219800,619.98
2009-12-30,618.50,622.73,618.01,622.73,1465600,622.73
2009-12-29,624.74,624.84,618.29,619.40,1424800,619.40
2009-12-28,621.66,625.99,618.48,622.87,1697900,622.87
2009-12-24,612.93,619.52,612.27,618.48,858700,618.48
2009-12-23,603.50,612.87,602.85,611.68,2072700,611.68
2009-12-22,601.34,601.50,598.85,601.12,1880800,601.12
2009-12-21,597.61,599.84,595.67,598.68,2571200,598.68
2009-12-18,596.03,598.93,595.00,596.42,3531500,596.42
2009-12-17,596.44,597.64,593.76,593.94,2638800,593.94
2009-12-16,598.60,600.37,596.64,597.76,2809400,597.76
2009-12-15,593.30,596.38,590.99,593.14,2280400,593.14
2009-12-14,595.35,597.31,592.61,595.73,1913400,595.73
2009-12-11,594.68,594.75,587.73,590.51,1720000,590.51
2009-12-10,590.44,594.71,590.41,591.50,1668300,591.50
2009-12-09,587.50,589.33,583.58,589.02,1781000,589.02
2009-12-08,583.50,590.66,582.00,587.05,1524000,587.05
2009-12-07,584.21,588.69,581.00,586.25,1636200,586.25
2009-12-04,593.02,594.83,579.18,585.01,2513600,585.01
2009-12-03,589.04,591.45,585.00,585.74,1428700,585.74
2009-12-02,591.00,593.01,586.22,587.51,1663200,587.51
2009-12-01,588.13,591.22,583.00,589.87,2320300,589.87
2009-11-30,580.63,583.67,577.11,583.00,1725100,583.00
2009-11-27,572.00,582.46,570.97,579.76,1384600,579.76
2009-11-25,586.41,587.06,582.69,585.74,1461200,585.74
2009-11-24,582.52,584.29,576.54,583.09,1605200,583.09
2009-11-23,576.49,586.60,575.86,582.35,2547500,582.35
2009-11-20,569.50,571.60,569.40,569.96,2006200,569.96
2009-11-19,573.77,574.00,570.00,572.99,2168000,572.99
2009-11-18,576.65,578.78,572.07,576.65,1549600,576.65
2009-11-17,574.87,577.50,573.72,577.49,1916700,577.49
2009-11-16,575.00,576.99,572.78,576.28,2199200,576.28
2009-11-13,569.29,572.51,566.61,572.05,1666800,572.05
2009-11-12,569.56,572.90,565.50,567.85,1886300,567.85
2009-11-11,570.48,573.50,565.86,570.56,2319700,570.56
2009-11-10,562.73,568.78,562.00,566.76,2230800,566.76
2009-11-09,555.45,562.58,554.23,562.51,2649900,562.51
2009-11-06,547.72,551.78,545.50,551.10,1826700,551.10
2009-11-05,543.49,549.77,542.66,548.65,1847700,548.65
2009-11-04,540.80,545.50,536.42,540.33,2332700,540.33
2009-11-03,530.01,537.50,528.30,537.29,2380200,537.29
2009-11-02,537.08,539.46,528.24,533.99,3202100,533.99
2009-10-30,550.00,550.17,534.24,536.12,3468500,536.12
2009-10-29,543.01,551.83,541.00,551.05,2522600,551.05
2009-10-28,547.87,550.00,538.25,540.30,2567800,540.30
2009-10-27,550.97,554.56,544.16,548.29,3216500,548.29
2009-10-26,555.75,561.64,550.89,554.21,2970400,554.21
2009-10-23,555.25,557.89,551.20,553.69,2392700,553.69
2009-10-22,550.00,555.00,548.00,554.09,2336500,554.09
2009-10-21,549.91,559.35,549.00,551.10,3670600,551.10
2009-10-20,551.64,552.95,540.70,551.72,4043700,551.72
2009-10-19,552.69,553.60,548.73,552.09,3217900,552.09
2009-10-16,547.33,554.75,544.53,549.85,8841900,549.85
2009-10-15,533.75,536.90,527.27,529.91,6100400,529.91
2009-10-14,532.46,535.58,530.00,535.32,3258400,535.32
2009-10-13,524.39,527.46,521.38,526.11,3037400,526.11
2009-10-12,523.42,525.76,519.32,524.04,3322200,524.04
2009-10-09,516.65,521.51,514.50,516.25,2738100,516.25
2009-10-08,519.57,523.25,513.34,514.18,4303800,514.18
2009-10-07,499.00,518.99,497.81,517.54,4874200,517.54
2009-10-06,491.70,499.37,491.70,498.74,2732300,498.74
2009-10-05,487.65,492.43,483.34,488.52,2144600,488.52
2009-10-02,483.74,491.74,482.60,484.58,2600800,484.58
2009-10-01,493.00,496.47,487.00,487.20,2813200,487.20
2009-09-30,500.00,500.14,487.24,495.85,3141700,495.85
2009-09-29,499.53,499.75,493.01,498.53,2099200,498.53
2009-09-28,494.84,501.50,493.30,498.53,1839300,498.53
2009-09-25,494.29,499.93,492.00,492.48,2049600,492.48
2009-09-24,500.47,501.41,493.00,496.77,2527600,496.77
2009-09-23,500.78,507.00,497.71,498.46,2704200,498.46
2009-09-22,500.92,501.99,497.81,499.06,3041200,499.06
2009-09-21,487.74,498.90,486.22,497.00,2116400,497.00
2009-09-18,496.77,496.98,491.23,491.46,3283500,491.46
2009-09-17,490.57,497.37,487.15,491.72,4483100,491.72
2009-09-16,479.80,489.37,478.48,488.29,2585300,488.29
2009-09-15,475.08,478.91,472.71,477.54,2398100,477.54
2009-09-14,470.51,476.80,470.05,475.12,1975700,475.12
2009-09-11,470.40,473.30,467.63,472.14,1902900,472.14
2009-09-10,466.65,470.94,462.00,470.94,2534600,470.94
2009-09-09,459.06,466.27,458.80,463.97,2195400,463.97
2009-09-08,464.29,466.99,455.84,458.62,2656700,458.62
2009-09-04,457.57,462.60,455.78,461.30,1499200,461.30
2009-09-03,455.82,458.25,455.00,457.52,1646200,457.52
2009-09-02,455.82,458.33,452.59,453.01,1804800,453.01
2009-09-01,459.68,466.82,454.42,455.76,2594900,455.76
2009-08-31,459.79,461.86,458.00,461.67,1957900,461.67
2009-08-28,469.26,472.37,463.38,464.75,1771600,464.75
2009-08-27,468.58,468.58,460.73,466.06,1998900,466.06
2009-08-26,472.76,473.00,466.70,468.00,1987800,468.00
2009-08-25,469.13,474.35,468.72,471.37,2341000,471.37
2009-08-24,467.35,470.09,464.42,468.73,2453400,468.73
2009-08-21,465.54,466.09,462.65,465.24,3560500,465.24
2009-08-20,452.00,462.18,451.23,460.41,3998900,460.41
2009-08-19,439.99,445.00,438.56,443.97,2255000,443.97
2009-08-18,445.10,447.70,442.32,445.28,2351100,445.28
2009-08-17,451.50,451.99,443.12,444.89,2620200,444.89
2009-08-14,462.78,463.18,456.89,460.00,1675100,460.00
2009-08-13,462.15,464.72,458.91,462.28,1995200,462.28
2009-08-12,455.41,461.75,454.92,458.58,2341400,458.58
2009-08-11,453.67,457.23,452.38,453.94,1712500,453.94
2009-08-10,455.14,458.41,453.79,456.61,1742000,456.61
2009-08-07,455.67,459.42,454.99,457.10,2543100,457.10
2009-08-06,454.30,454.88,448.53,450.36,2110900,450.36
2009-08-05,456.00,456.91,447.88,451.14,2342000,451.14
2009-08-04,449.37,454.00,448.43,453.73,2389800,453.73
2009-08-03,448.74,453.90,447.64,452.21,2590300,452.21
2009-07-31,449.98,452.70,442.43,443.05,2860400,443.05
2009-07-30,442.61,451.47,442.61,445.64,3198600,445.64
2009-07-29,437.23,437.80,431.89,436.24,1987000,436.24
2009-07-28,441.00,442.81,436.10,439.85,2532500,439.85
2009-07-27,446.04,446.75,437.61,444.80,2504400,444.80
2009-07-24,435.81,450.49,435.00,446.72,3626900,446.72
2009-07-23,428.68,441.21,425.50,437.34,3478200,437.34
2009-07-22,428.00,430.20,423.50,427.69,2586700,427.69
2009-07-21,430.94,431.90,425.72,427.90,2968200,427.90
2009-07-20,429.88,432.85,426.25,430.17,3153500,430.17
2009-07-17,433.00,435.48,426.70,430.25,6854100,430.25
2009-07-16,436.68,445.75,434.10,442.60,6554500,442.60
2009-07-15,429.66,438.68,428.49,438.17,3777000,438.17
2009-07-14,423.71,426.73,420.87,424.69,2895800,424.69
2009-07-13,416.17,424.52,415.18,424.30,4045700,424.30
2009-07-10,409.58,417.37,408.70,414.40,2926600,414.40
2009-07-09,406.12,414.45,405.80,410.39,3275600,410.39
2009-07-08,400.00,406.00,398.06,402.49,3441200,402.49
2009-07-07,408.24,409.19,395.98,396.63,3259300,396.63
2009-07-06,406.50,410.64,401.66,409.61,2262600,409.61
2009-07-02,415.41,415.41,406.81,408.49,2517600,408.49
2009-07-01,424.20,426.40,418.15,418.99,2310800,418.99
2009-06-30,424.00,427.21,418.22,421.59,2593900,421.59
2009-06-29,426.00,427.80,422.24,424.14,2169300,424.14
2009-06-26,413.68,428.23,413.11,425.32,3256700,425.32
2009-06-25,407.00,415.90,406.51,415.77,3044500,415.77
2009-06-24,408.74,412.23,406.56,409.29,2457800,409.29
2009-06-23,406.65,408.99,402.55,405.68,2899600,405.68
2009-06-22,416.95,417.49,401.89,407.35,4124400,407.35
2009-06-19,418.21,420.46,414.58,420.09,4259100,420.09
2009-06-18,415.68,418.69,413.00,414.06,3085200,414.06
2009-06-17,416.19,419.72,411.56,415.16,3490100,415.16
2009-06-16,419.31,421.09,415.42,416.00,3049700,416.00
2009-06-15,421.50,421.50,414.00,416.77,3736900,416.77
2009-06-12,426.86,427.70,421.21,424.84,2918400,424.84
2009-06-11,431.77,433.73,428.37,429.00,2865200,429.00
2009-06-10,436.23,437.89,426.67,432.60,3358900,432.60
2009-06-09,438.58,440.50,431.76,435.62,3254900,435.62
2009-06-08,439.50,440.92,434.12,438.77,3098700,438.77
2009-06-05,445.07,447.34,439.46,444.32,3680800,444.32
2009-06-04,435.30,441.24,434.50,440.28,3638100,440.28
2009-06-03,426.00,432.46,424.00,431.65,3532800,431.65
2009-06-02,426.25,429.96,423.40,428.40,2623600,428.40
2009-06-01,418.73,429.60,418.53,426.56,3322400,426.56
2009-05-29,412.11,417.23,410.70,417.23,2648200,417.23
2009-05-28,408.68,411.62,404.61,410.40,2668800,410.40
2009-05-27,405.64,411.86,404.81,405.56,3034300,405.56
2009-05-26,391.95,405.00,390.00,404.36,3104500,404.36
2009-05-22,396.66,398.65,392.00,393.50,1718600,393.50
2009-05-21,396.30,402.84,393.84,396.50,2719800,396.50
2009-05-20,402.09,405.67,395.00,397.18,2284000,397.18
2009-05-19,396.10,401.64,393.00,398.88,2837500,398.88
2009-05-18,394.73,397.31,385.40,396.84,3351700,396.84
2009-05-15,391.10,394.11,389.09,390.00,3008700,390.00
2009-05-14,388.80,392.21,384.69,387.50,2937000,387.50
2009-05-13,394.09,396.39,388.35,389.54,2842800,389.54
2009-05-12,410.01,410.99,395.11,399.01,3790800,399.01
2009-05-11,402.80,412.00,401.20,407.98,2559300,407.98
2009-05-08,402.85,410.13,395.00,407.33,3865100,407.33
2009-05-07,404.10,404.99,392.50,396.61,2999800,396.61
2009-05-06,406.79,408.28,401.00,403.47,2632900,403.47
2009-05-05,399.98,405.00,397.25,402.99,2400800,402.99
2009-05-04,398.17,402.40,394.79,401.98,3203000,401.98
2009-05-01,395.03,397.59,391.55,393.69,2427700,393.69
2009-04-30,395.76,403.75,394.80,395.97,4355700,395.97
2009-04-29,385.97,394.97,385.83,391.47,3610000,391.47
2009-04-28,383.75,389.05,381.54,383.71,2943600,383.71
2009-04-27,384.34,389.49,382.75,385.95,2290600,385.95
2009-04-24,386.05,393.18,380.50,389.49,3385400,389.49
2009-04-23,387.51,389.75,381.11,384.69,2609000,384.69
2009-04-22,381.75,390.00,379.01,383.86,3501800,383.86
2009-04-21,376.17,384.30,376.10,381.47,3695400,381.47
2009-04-20,386.15,390.65,375.89,379.30,4428900,379.30
2009-04-17,386.02,399.82,384.81,392.24,10730800,392.24
2009-04-16,381.50,392.90,381.02,388.74,10185100,388.74
2009-04-15,367.10,381.06,364.16,379.50,4930700,379.50
2009-04-14,376.94,376.99,365.60,368.91,3428600,368.91
2009-04-13,371.33,379.10,370.30,378.11,3050100,378.11
2009-04-09,369.50,374.35,366.25,372.50,3382600,372.50
2009-04-08,363.50,365.00,356.21,362.00,2765200,362.00
2009-04-07,362.60,363.75,355.31,358.65,3680100,358.65
2009-04-06,367.00,369.82,361.40,368.24,3280300,368.24
2009-04-03,364.50,371.72,358.00,369.78,3789800,369.78
2009-04-02,363.31,369.76,360.32,362.50,4488000,362.50
2009-04-01,343.78,355.24,340.61,354.09,3301200,354.09
2009-03-31,348.93,353.51,346.18,348.06,3655300,348.06
2009-03-30,342.55,343.81,336.05,342.69,3094100,342.69
2009-03-27,350.00,352.00,345.47,347.70,3322800,347.70
2009-03-26,353.13,359.16,348.50,353.29,6003300,353.29
2009-03-25,350.40,351.34,336.25,344.07,4336300,344.07
2009-03-24,346.50,353.84,344.00,347.17,3820000,347.17
2009-03-23,333.56,349.45,333.03,348.60,4271500,348.60
2009-03-20,330.30,332.99,326.34,330.16,4737900,330.16
2009-03-19,331.68,336.00,327.38,329.94,4111200,329.94
2009-03-18,334.81,340.00,328.05,333.10,5012200,333.10
2009-03-17,320.18,335.34,319.09,335.34,4712500,335.34
2009-03-16,325.99,329.73,318.59,319.69,4946800,319.69
2009-03-13,326.10,327.46,319.03,324.42,3906400,324.42
2009-03-12,317.54,325.00,313.65,323.53,5024100,323.53
2009-03-11,310.10,320.00,305.71,317.91,5923600,317.91
2009-03-10,298.25,310.50,294.25,308.17,6730200,308.17
2009-03-09,299.98,306.57,289.45,290.89,6471300,290.89
2009-03-06,307.22,310.19,294.25,308.57,7234200,308.57
2009-03-05,316.48,319.08,302.64,305.64,6529900,305.64
2009-03-04,323.16,329.00,315.38,318.92,7818400,318.92
2009-03-03,330.07,333.69,322.35,325.48,6524800,325.48
2009-03-02,333.33,340.70,326.00,327.16,5788500,327.16
2009-02-27,332.95,343.82,331.11,337.99,5420000,337.99
2009-02-26,345.96,352.49,337.16,337.18,5605600,337.18
2009-02-25,342.15,352.30,338.92,341.64,6439100,341.64
2009-02-24,331.02,349.62,330.89,345.45,6095900,345.45
2009-02-23,347.00,349.80,329.55,330.06,5221100,330.06
2009-02-20,338.05,348.92,335.00,346.45,6217100,346.45
2009-02-19,357.47,359.80,341.41,342.64,4988700,342.64
2009-02-18,347.24,353.38,340.52,353.11,6024500,353.11
2009-02-17,346.51,347.09,339.69,342.66,5680400,342.66
2009-02-13,362.19,362.99,355.23,357.68,4146700,357.68
2009-02-12,353.16,363.62,351.48,363.05,5550300,363.05
2009-02-11,358.95,365.00,353.00,358.04,5231600,358.04
2009-02-10,375.98,377.50,357.89,358.51,7103700,358.51
2009-02-09,371.28,381.00,367.30,378.77,4977300,378.77
2009-02-06,356.46,373.81,355.44,371.28,7038100,371.28
2009-02-05,340.91,355.38,337.00,353.72,7264400,353.72
2009-02-04,340.07,354.44,339.17,343.00,6817400,343.00
2009-02-03,342.57,343.00,333.83,340.45,6556500,340.45
2009-02-02,334.29,345.00,332.00,340.57,5206900,340.57
2009-01-30,344.69,348.80,336.00,338.53,4672000,338.53
2009-01-29,344.54,345.05,340.11,343.32,7283800,343.32
2009-01-28,337.98,352.33,336.31,348.67,7691400,348.67
2009-01-27,326.45,333.87,324.27,331.48,4927300,331.48
2009-01-26,324.85,328.00,320.56,323.87,4610700,323.87
2009-01-23,309.27,331.96,304.22,324.70,10732800,324.70
2009-01-22,298.04,309.35,295.15,306.50,8267000,306.50
2009-01-21,288.35,303.50,288.35,303.08,4924500,303.08
2009-01-20,299.14,299.50,282.75,282.75,5048200,282.75
2009-01-16,305.02,308.25,295.70,299.67,5224400,299.67
2009-01-15,297.57,303.58,286.79,298.99,5934500,298.99
2009-01-14,310.00,313.80,297.75,300.97,5467900,300.97
2009-01-13,311.77,320.60,310.39,314.32,4432500,314.32
2009-01-12,316.31,318.95,310.23,312.69,3304300,312.69
2009-01-09,327.50,327.50,313.40,315.07,4340500,315.07
2009-01-08,318.28,325.19,317.34,325.19,3600700,325.19
2009-01-07,328.32,330.91,318.75,322.01,4494500,322.01
2009-01-06,332.98,340.80,326.39,334.06,6425200,334.06
2009-01-05,321.00,331.24,315.00,328.05,4889000,328.05
2009-01-02,308.60,321.82,305.50,321.32,3610500,321.32
2008-12-31,304.20,311.00,302.61,307.65,2886800,307.65
2008-12-30,300.80,306.81,298.71,303.11,3843500,303.11
2008-12-29,300.22,301.38,291.58,297.42,3701900,297.42
2008-12-26,304.07,305.26,298.31,300.36,1959100,300.36
2008-12-24,301.48,306.34,298.38,302.95,1921500,302.95
2008-12-23,300.43,303.31,296.67,298.02,3777700,298.02
2008-12-22,308.56,309.50,290.63,297.11,3917600,297.11
2008-12-19,310.99,317.79,309.00,310.17,5612600,310.17
2008-12-18,316.70,320.35,309.11,310.28,4763500,310.28
2008-12-17,318.64,322.13,312.42,315.24,5789700,315.24
2008-12-16,314.52,329.50,311.27,325.28,7059600,325.28
2008-12-15,314.01,318.49,305.11,310.67,6737900,310.67
2008-12-12,295.71,316.47,294.00,315.76,5722100,315.76
2008-12-11,304.17,312.88,297.80,300.22,6179200,300.22
2008-12-10,309.24,314.90,304.51,308.82,5237000,308.82
2008-12-09,297.69,318.00,297.01,305.97,6889900,305.97
2008-12-08,289.99,309.44,282.00,302.11,8144300,302.11
2008-12-05,271.02,284.24,264.02,283.99,6521200,283.99
2008-12-04,276.53,283.49,268.77,274.34,4886600,274.34
2008-12-03,269.85,281.36,265.34,279.43,5904800,279.43
2008-12-02,269.73,277.78,262.58,275.11,5839700,275.11
2008-12-01,286.68,287.38,265.98,265.99,5711200,265.99
2008-11-28,290.58,296.45,288.28,292.96,2565500,292.96
2008-11-26,280.28,295.46,276.20,292.09,6356600,292.09
2008-11-25,268.68,286.66,267.32,282.05,10771200,282.05
2008-11-24,269.26,269.95,249.01,257.44,10054700,257.44
2008-11-21,262.51,269.37,247.30,262.43,10244500,262.43
2008-11-20,274.89,282.94,259.04,259.56,9779400,259.56
2008-11-19,295.39,300.19,278.58,280.18,7834600,280.18
2008-11-18,301.57,303.73,285.35,297.42,8346100,297.42
2008-11-17,303.00,310.16,297.95,300.12,7543800,300.12
2008-11-14,303.25,324.99,302.56,310.02,9517100,310.02
2008-11-13,291.77,313.00,280.00,312.08,13234700,312.08
2008-11-12,302.05,312.49,287.76,291.00,10051100,291.00
2008-11-11,308.69,316.30,300.52,311.46,10146600,311.46
2008-11-10,328.00,329.44,309.47,318.78,8080100,318.78
2008-11-07,333.12,341.15,325.33,331.14,4681300,331.14
2008-11-06,339.97,344.42,325.81,331.22,8574800,331.22
2008-11-05,362.15,368.88,341.31,342.24,6946500,342.24
2008-11-04,353.44,372.36,345.50,366.94,7349900,366.94
2008-11-03,357.58,362.99,341.43,346.49,5954500,346.49
2008-10-31,356.16,371.96,354.27,359.36,7423300,359.36
2008-10-30,368.46,372.00,358.37,359.69,7988900,359.69
2008-10-29,365.79,371.00,352.37,358.00,9756600,358.00
2008-10-28,339.05,369.31,328.51,368.75,8105400,368.75
2008-10-27,334.81,343.00,325.60,329.49,6200700,329.49
2008-10-24,326.47,350.47,324.74,339.29,7359000,339.29
2008-10-23,353.65,358.00,337.99,352.32,6478900,352.32
2008-10-22,356.99,369.69,344.00,355.67,6560000,355.67
2008-10-21,372.39,383.78,362.00,362.75,5782000,362.75
2008-10-20,379.75,380.98,359.59,379.32,6753400,379.32
2008-10-17,378.96,386.00,363.55,372.54,14249200,372.54
2008-10-16,332.76,356.50,309.44,353.02,16239700,353.02
2008-10-15,354.65,359.00,338.83,339.17,6721400,339.17
2008-10-14,393.53,394.50,357.00,362.71,7784800,362.71
2008-10-13,355.79,381.95,345.75,381.02,8905500,381.02
2008-10-10,313.16,341.89,310.30,332.00,10597800,332.00
2008-10-09,344.52,348.57,321.67,328.98,8075000,328.98
2008-10-08,330.16,358.99,326.11,338.11,11826400,338.11
2008-10-07,373.33,374.98,345.37,346.01,11054400,346.01
2008-10-06,373.98,375.99,357.16,371.21,11220600,371.21
2008-10-03,397.35,412.50,383.07,386.91,7992900,386.91
2008-10-02,409.79,409.98,386.00,390.49,5984900,390.49
2008-10-01,411.15,416.98,403.10,411.72,6234800,411.72
2008-09-30,395.98,425.08,392.32,400.52,3086300,400.52
2008-09-29,419.51,423.51,380.71,381.00,10762900,381.00
2008-09-26,428.00,437.16,421.03,431.04,5292500,431.04
2008-09-25,438.84,450.00,435.98,439.60,5020300,439.60
2008-09-24,430.34,445.00,430.11,435.11,4242000,435.11
2008-09-23,433.25,440.79,425.72,429.27,5204200,429.27
2008-09-22,454.13,454.13,429.00,430.14,4407300,430.14
2008-09-19,461.00,462.07,443.28,449.15,10006000,449.15
2008-09-18,422.64,439.18,410.50,439.08,8589400,439.08
2008-09-17,438.48,439.14,413.44,414.49,9126900,414.49
2008-09-16,425.96,449.28,425.49,442.93,6990700,442.93
2008-09-15,424.00,441.97,423.71,433.86,6567400,433.86
2008-09-12,430.21,441.99,429.00,437.66,6028000,437.66
2008-09-11,408.35,435.09,406.38,433.75,6471400,433.75
2008-09-10,424.47,424.48,409.68,414.16,6226800,414.16
2008-09-09,423.17,432.38,415.00,418.66,7229600,418.66
2008-09-08,452.02,452.94,417.55,419.95,9017900,419.95
2008-09-05,445.49,452.46,440.08,444.25,4534300,444.25
2008-09-04,460.00,463.24,449.40,450.26,4848500,450.26
2008-09-03,468.73,474.29,459.58,464.41,4314600,464.41
2008-09-02,476.77,482.18,461.42,465.25,6111500,465.25
2008-08-29,469.75,471.01,462.33,463.29,3848200,463.29
2008-08-28,472.49,476.45,470.33,473.78,3029700,473.78
2008-08-27,473.73,474.83,464.84,468.58,4387100,468.58
2008-08-26,483.46,483.46,470.59,474.16,3308200,474.16
2008-08-25,486.11,497.00,481.50,483.01,2014300,483.01
2008-08-22,491.50,494.88,489.48,490.59,2297200,490.59
2008-08-21,482.92,489.90,479.27,486.53,3514100,486.53
2008-08-20,494.72,496.69,482.57,485.00,3982100,485.00
2008-08-19,490.43,498.28,486.63,490.50,3046500,490.50
2008-08-18,509.84,510.00,495.51,498.30,3333900,498.30
2008-08-15,506.99,510.66,505.50,510.15,3545700,510.15
2008-08-14,497.70,507.61,496.29,505.49,2918600,505.49
2008-08-13,501.60,503.54,493.88,500.03,3625500,500.03
2008-08-12,502.00,506.13,498.00,502.61,2755700,502.61
2008-08-11,492.47,508.88,491.78,500.84,4239300,500.84
2008-08-08,480.15,495.75,475.69,495.01,3739300,495.01
2008-08-07,482.00,484.00,476.41,479.12,2773800,479.12
2008-08-06,478.37,489.77,472.51,486.34,3375800,486.34
2008-08-05,467.59,480.08,466.33,479.85,3584500,479.85
2008-08-04,468.12,473.01,461.90,463.00,2487000,463.00
2008-08-01,472.51,473.22,462.50,467.86,3007900,467.86
2008-07-31,474.56,480.89,471.44,473.75,2865100,473.75
2008-07-30,485.50,486.02,472.81,482.70,3490700,482.70
2008-07-29,479.30,487.26,478.00,483.11,2802800,483.11
2008-07-28,492.09,492.09,475.13,477.12,3160000,477.12
2008-07-25,486.49,493.13,481.50,491.98,3183500,491.98
2008-07-24,496.70,496.87,475.62,475.62,3540900,475.62
2008-07-23,481.61,497.23,478.10,489.22,4894100,489.22
2008-07-22,466.72,480.25,465.60,477.11,4691500,477.11
2008-07-21,480.88,484.09,465.70,468.80,5901500,468.80
2008-07-18,498.35,498.98,478.19,481.32,11292400,481.32
2008-07-17,534.16,537.05,524.50,533.44,8787400,533.44
2008-07-16,514.04,536.50,510.60,535.60,4742200,535.60
2008-07-15,516.28,527.50,501.10,516.09,6071000,516.09
2008-07-14,539.00,540.06,515.45,521.62,4424800,521.62
2008-07-11,536.50,539.50,519.43,533.80,4981400,533.80
2008-07-10,545.00,549.50,530.72,540.57,4331700,540.57
2008-07-09,550.76,555.68,540.73,541.55,4154000,541.55
2008-07-08,545.99,555.19,540.00,554.53,4932400,554.53
2008-07-07,542.30,549.00,535.60,543.91,4255200,543.91
2008-07-03,530.88,539.23,527.50,537.00,2400500,537.00
2008-07-02,536.51,540.38,526.06,527.04,4223000,527.04
2008-07-01,519.58,536.72,517.00,534.73,4959900,534.73
2008-06-30,532.47,538.00,523.06,526.42,3765300,526.42
2008-06-27,527.68,530.00,515.09,528.07,5447500,528.07
2008-06-26,544.10,544.93,528.26,528.82,5659500,528.82
2008-06-25,544.97,557.80,543.67,551.00,4122200,551.00
2008-06-24,545.14,551.19,535.10,542.30,4672600,542.30
2008-06-23,545.36,553.15,542.02,545.21,3635900,545.21
2008-06-20,556.98,556.98,544.51,546.43,5983100,546.43
2008-06-19,555.35,563.78,550.81,560.20,5683100,560.20
2008-06-18,564.51,568.99,559.16,562.38,3381200,562.38
2008-06-17,576.35,578.07,568.38,569.46,3462900,569.46
2008-06-16,566.50,579.10,566.50,572.81,3542800,572.81
2008-06-13,561.49,575.70,561.34,571.51,6184400,571.51
2008-06-12,548.76,558.00,546.88,552.95,5491600,552.95
2008-06-11,556.24,557.34,544.46,545.20,3812900,545.20
2008-06-10,549.56,558.82,546.78,554.17,3657400,554.17
2008-06-09,568.06,570.00,545.40,557.87,5288300,557.87
2008-06-06,579.75,580.72,567.00,567.00,4734500,567.00
2008-06-05,577.08,588.04,576.21,586.30,3916700,586.30
2008-06-04,565.33,578.00,564.55,572.22,3363200,572.22
2008-06-03,576.50,580.50,560.61,567.30,4305300,567.30
2008-06-02,582.50,583.89,571.27,575.00,3674200,575.00
2008-05-30,583.47,589.92,581.30,585.80,3225200,585.80
2008-05-29,574.79,585.88,573.20,583.00,4845000,583.00
2008-05-28,567.94,571.49,561.10,568.24,4050400,568.24
2008-05-27,544.96,562.60,543.85,560.90,3865500,560.90
2008-05-23,546.96,553.00,537.81,544.62,4431500,544.62
2008-05-22,551.95,554.21,540.25,549.46,5076300,549.46
2008-05-21,578.52,581.41,547.89,549.99,6468100,549.99
2008-05-20,574.63,582.48,572.91,578.60,3313600,578.60
2008-05-19,578.55,588.88,573.52,577.52,5604500,577.52
2008-05-16,581.43,584.68,578.32,580.07,4274100,580.07
2008-05-15,579.00,582.95,575.61,581.00,4342700,581.00
2008-05-14,586.49,591.19,575.25,576.30,4375800,576.30
2008-05-13,586.23,587.95,578.55,583.00,5163500,583.00
2008-05-12,574.75,586.75,568.91,584.94,4863900,584.94
2008-05-09,579.00,585.00,571.30,573.20,4484900,573.20
2008-05-08,586.20,589.30,578.91,583.01,5122900,583.01
2008-05-07,590.27,599.49,576.43,579.00,6613000,579.00
2008-05-06,591.00,592.00,583.00,586.36,46293